,VPN,ForwardLength_max,ForwardLength_min,ForwardLength_sd,ForwardLength_avg,ForwardTime_max,ForwardTime_min,ForwardTime_sd,ForwardTime_avg,BackwardLength_max,BackwardLength_min,BackwardLength_sd,BackwardLength_avg,BackwardTime_max,BackwardTime_min,BackwardTime_sd,BackwardTime_avg
0,Lantern,997.0,97.0,214.79044820270397,273.8181818181818,5.985211,7.5e-05,0.90888490353759,0.3027220303030303,1454.0,97.0,454.8565228212976,1161.3489583333333,9.706491,0.0,0.9127968167930804,0.2199513854166667
1,Lantern,85.0,85.0,0.0,85.0,9.6e-05,9.6e-05,0.0,9.6e-05,85.0,85.0,0.0,85.0,0.0,0.0,0.0,0.0
2,Lantern,583.0,97.0,209.6804446983287,262.6666666666667,0.001984,0.000195,0.0006842571194774342,0.0008048333333333333,1342.0,97.0,535.8499997408064,666.6666666666666,0.004564,7e-06,0.0016544204171451303,0.0021665
3,Lantern,583.0,97.0,209.6804446983287,262.6666666666667,0.001907,3.7e-05,0.0006037095512100354,0.0005983333333333334,1454.0,97.0,559.15879279106,666.6666666666666,0.171165,6e-06,0.06324935001159213,0.02980466666666667
4,Lantern,583.0,97.0,209.6804446983287,262.6666666666667,0.000794,0.000114,0.00022197328417827424,0.0004708333333333333,1454.0,120.0,545.2572237027218,780.6,0.172284,9e-06,0.06830962183587316,0.0356968
5,Lantern,101.0,101.0,0.0,101.0,0.518127,0.000398,0.10343822264078356,0.02368501408450704,171.0,97.0,19.83562065715223,102.76623376623377,60.310925,0.0,22.282745467634506,49.554454961038964
6,Lantern,1454.0,103.0,341.23374043799186,436.08574549426544,0.959991,0.0,0.033985234237422515,0.007720010376843255,1454.0,71.0,397.38194691579287,1292.1435487775357,0.970371,0.0,0.029403621751641153,0.012816265311062695
7,Lantern,563.0,97.0,174.4066727507867,289.75,0.001175,0.000117,0.0004461381512491394,0.0007435,1454.0,97.0,522.4105665087566,414.0,0.313522,9e-06,0.12182110605244069,0.07284260000000001
8,Lantern,97.0,97.0,0.0,97.0,28.393944,28.393944,0.0,28.393944,97.0,97.0,0.0,97.0,0.159216,0.159216,0.0,0.159216
9,Lantern,725.0,91.0,235.865838725219,284.85714285714283,1.637778,0.000227,0.5703218176980502,0.24099114285714288,1454.0,85.0,606.2688312057696,600.7619047619048,5.002343,6e-06,2.12256508848074,1.3006292857142856
10,Lantern,583.0,97.0,213.68720650104962,255.66666666666666,0.000716,3.1e-05,0.00023315064276604991,0.00035666666666666675,1454.0,97.0,521.1492684442721,521.8,1.491678,0.000398,0.6304502905110283,0.4999586
11,Lantern,583.0,97.0,213.68720650104962,255.66666666666666,0.000425,9.6e-05,0.00012668157806967128,0.0002576666666666667,1454.0,97.0,521.0675963826575,521.6,0.251911,4e-06,0.10005231930345242,0.051853
12,Lantern,583.0,97.0,213.68720650104962,255.66666666666666,0.000535,9.6e-05,0.00015315315500794913,0.00029866666666666664,735.0,97.0,260.64187595242635,288.75,0.74547,0.0002,0.3198022782607247,0.1916745
13,Lantern,583.0,97.0,213.68720650104962,255.66666666666666,0.000668,7.2e-05,0.00018045998325267449,0.0003301666666666666,1454.0,97.0,490.0637430194385,445.8333333333333,0.030041,0.0,0.011195172507479383,0.005007833333333334
14,Lantern,583.0,97.0,213.68720650104962,255.66666666666666,0.001079,0.000151,0.00029626156798792967,0.00047950000000000005,1454.0,97.0,572.9814024032543,464.25,0.247958,0.000486,0.1231323481736217,0.12392449999999999
15,Lantern,583.0,97.0,213.68720650104962,255.66666666666666,0.00131,4.7e-05,0.00042617940927371057,0.0005933333333333334,1454.0,97.0,521.1492684442721,521.8,0.941879,0.000202,0.3453065960088223,0.287659
16,Lantern,583.0,97.0,213.68720650104962,255.66666666666666,0.000982,0.000134,0.00027961163542790325,0.00044100000000000004,1454.0,97.0,537.6287636464403,622.25,0.78217,6.4e-05,0.3273956252254297,0.2179125
17,Lantern,583.0,97.0,213.68720650104962,255.66666666666666,0.000553,3.9e-05,0.00019094560016460766,0.00033933333333333336,1282.0,97.0,535.3816914646554,527.3333333333334,0.250885,0.017687,0.10880088831745202,0.17152900000000001
18,Lantern,583.0,97.0,213.68720650104962,255.66666666666666,0.000839,4.1e-05,0.0002960221932370762,0.00047483333333333335,735.0,97.0,260.64187595242635,288.75,0.742091,0.000593,0.2992169525732959,0.2511755
19,Lantern,727.0,119.0,105.23211547313439,151.51612903225808,284.53492,0.0,108.27351311173754,111.88623803225805,519.0,119.0,100.05651736227216,157.4,81.246233,7e-06,14.729276714547629,3.7423922666666667
20,Lantern,583.0,97.0,213.68720650104962,255.66666666666666,0.000467,6.5e-05,0.00013992100946208502,0.00026733333333333334,1454.0,97.0,521.1492684442721,521.8,0.244031,3e-05,0.09611271517671323,0.05221559999999999
21,Lantern,583.0,97.0,213.68720650104962,255.66666666666666,0.000564,0.00016,0.00014426104810377608,0.0003415,735.0,97.0,260.64187595242635,288.75,0.019466,6e-06,0.008041539296055203,0.0055925
22,Lantern,583.0,97.0,213.68720650104962,255.66666666666666,0.000797,5.1e-05,0.00023174243365330302,0.0003596666666666666,1454.0,97.0,490.0637430194385,445.8333333333333,0.011107,5e-06,0.0038963289987713648,0.002621
23,Lantern,583.0,97.0,213.68720650104962,255.66666666666666,0.000855,1e-06,0.00027818124587318164,0.0003871666666666667,1454.0,97.0,537.6287636464403,622.25,0.002237,5e-06,0.0008609931402165757,0.00081325
24,Lantern,583.0,97.0,213.68720650104962,255.66666666666666,0.001446,0.000118,0.00042113286370086214,0.0005863333333333333,734.0,97.0,278.6806216601522,344.6666666666667,0.002807,8e-05,0.0012144744633882684,0.0011003333333333334
25,Lantern,583.0,97.0,213.68720650104962,255.66666666666666,0.000674,0.000193,0.00017316121261863338,0.00033783333333333327,735.0,97.0,260.64187595242635,288.75,0.245555,0.000116,0.1059535532025708,0.062044499999999995
26,Lantern,583.0,97.0,213.68720650104962,255.66666666666666,0.000558,0.00014,0.00014713457558756653,0.0003345,1454.0,120.0,532.07471279887,628.0,0.012152,3e-06,0.004956562442862997,0.0036074999999999996
27,Lantern,583.0,97.0,213.68720650104962,255.66666666666666,0.000691,0.000131,0.0001951375583189117,0.00032,1454.0,97.0,521.1492684442721,521.8,0.936997,0.000244,0.3741629822986769,0.18868139999999997
28,Lantern,583.0,97.0,213.68720650104962,255.66666666666666,0.000874,0.000133,0.00026916501547481157,0.00043583333333333327,1454.0,97.0,521.1492684442721,521.8,0.722842,0.000177,0.2806800298963929,0.1941136
29,Lantern,583.0,97.0,213.68720650104962,255.66666666666666,0.000638,7.1e-05,0.00022489213463841332,0.0003468333333333333,735.0,203.0,266.0,469.0,0.001892,0.000986,0.00045300000000000006,0.001439
30,Lantern,583.0,97.0,213.68720650104962,255.66666666666666,0.000413,3.1e-05,0.00013267839144169466,0.00024066666666666667,1454.0,97.0,497.46825694376383,446.0,0.24116,0.000299,0.08806530408105617,0.04463333333333333
31,Lantern,583.0,97.0,213.68720650104962,255.66666666666666,0.001232,5.7e-05,0.00043070462294038847,0.0006488333333333334,1454.0,97.0,521.2312346742087,522.0,0.707816,1.6e-05,0.28261300602371436,0.1425958
32,Lantern,583.0,97.0,213.68720650104962,255.66666666666666,0.001517,0.00012,0.0004923843349796308,0.000562,1454.0,97.0,521.1492684442721,521.8,0.006284,0.000141,0.0021851486539821493,0.0020714
33,Lantern,583.0,103.0,220.8,287.4,0.000692,0.000218,0.00019196937255718685,0.0004676,736.0,103.0,259.977402864172,290.5,8.750984,0.000334,3.6598653403698735,2.42705925
34,Lantern,583.0,97.0,213.68720650104962,255.66666666666666,0.001349,2.4e-05,0.0004276686476961132,0.0005198333333333333,1454.0,97.0,521.2312346742087,522.0,0.092452,2e-06,0.036617470074269194,0.019242600000000002
35,Lantern,583.0,97.0,213.68720650104962,255.66666666666666,0.00069,0.000172,0.00019184404835409643,0.0003838333333333333,1454.0,97.0,521.2312346742087,522.0,0.255807,0.000912,0.098131165040674,0.0700604
36,Lantern,583.0,97.0,213.68720650104962,255.66666666666666,0.00083,0.000155,0.000243067034649566,0.00044349999999999994,1454.0,120.0,532.1251614986835,628.25,1.121789,8e-06,0.48571944653800664,0.28049825
37,Lantern,583.0,97.0,213.68720650104962,255.66666666666666,0.000715,5.1e-05,0.0002472761052391076,0.00040483333333333327,660.0,97.0,225.15605699158974,275.5,0.011602,6e-06,0.004717545415785628,0.0035524999999999997
38,Lantern,1454.0,87.0,574.1285143767101,698.1428571428571,5.133082,0.0,1.7949149861634457,0.7364831428571429,1454.0,117.0,546.4736956158091,993.0,0.066256,8.8e-05,0.026604254888786115,0.02238175
39,Lantern,1454.0,97.0,524.9233848858325,414.2,5.439446,1e-06,2.175397170283845,1.0886518,1083.0,211.0,436.0,647.0,0.157703,7e-06,0.07884800000000002,0.07885500000000001
40,Lantern,583.0,97.0,175.4753069047988,233.5,0.030239,0.000221,0.01110323876173074,0.005415,1454.0,97.0,487.38192709326313,901.0,0.051154,4e-06,0.021019971509136207,0.018249428571428573
41,Lantern,496.0,97.0,148.67918482423826,273.0,0.018366,0.001167,0.006883562831121686,0.009180500000000001,1454.0,97.0,644.9344215990221,710.8571428571429,0.131003,2.9e-05,0.04829838563660323,0.029399428571428573
42,Lantern,501.0,97.0,150.55792074812936,274.25,0.013516,0.001038,0.005077967328321441,0.005316250000000001,1454.0,117.0,556.3650689969671,1094.9,0.214327,8.8e-05,0.08274724220570737,0.04361849999999999
43,Lantern,292.0,85.0,73.6512050139032,190.0,0.328813,9.9e-05,0.14230501439777168,0.0823335,1454.0,60.0,383.0655858408003,309.4166666666667,6.006386,1e-06,1.654111671903035,0.5226857500000001
44,Lantern,307.0,97.0,79.87020721145025,215.5,0.001355,0.000281,0.0004578405836096228,0.000725,1454.0,97.0,652.7607184532136,776.3333333333334,0.256483,2e-06,0.11861734363021662,0.11825066666666667
45,Lantern,313.0,97.0,88.02698449907278,212.5,26.818084,0.000381,11.572892348407743,6.774188,1454.0,78.0,598.8008619083829,591.1666666666666,0.170792,5e-06,0.08525629643691361,0.08546783333333334
46,Lantern,1454.0,103.0,315.4436724182,407.9633401221996,1.741429,0.0,0.03701710614427531,0.006704853615071283,1454.0,70.0,494.48999955895295,1172.3924321309037,0.717515,0.0,0.02143851215940051,0.011792045370026032
47,Lantern,549.0,97.0,168.9428527638858,286.25,0.001163,0.000537,0.0002732648669331643,0.00086625,1454.0,97.0,596.2542569146897,639.1666666666666,0.224418,9.1e-05,0.0828412324846953,0.039337500000000004
48,Lantern,583.0,97.0,213.68720650104962,255.66666666666666,0.008992,0.000128,0.00310927092204373,0.002126,1454.0,97.0,521.3134949337107,522.2,0.01147,1e-06,0.004522735517361147,0.0034162
49,Lantern,549.0,97.0,168.9428527638858,286.25,0.001018,0.000249,0.00029100902047874734,0.0007245,555.0,97.0,187.9193643560982,231.75,0.705531,8e-06,0.285303471330529,0.2414485
50,Lantern,1083.0,97.0,390.0803603105391,419.75,0.005858,0.000349,0.0022109505167461348,0.00208975,395.0,97.0,119.31890043073645,192.0,0.316993,7e-06,0.13181522115327768,0.09093575000000001
51,Lantern,583.0,97.0,213.68720650104962,255.66666666666666,0.000693,9.1e-05,0.00020700375734646837,0.0003626666666666667,1454.0,97.0,521.2312346742087,522.0,0.002174,4e-06,0.000795179375990097,0.0007066
52,Lantern,583.0,97.0,213.68720650104962,255.66666666666666,0.000615,5.1e-05,0.00021018457497056143,0.0003013333333333334,1454.0,97.0,521.2312346742087,522.0,0.246714,0.00026,0.09779025582255114,0.051194399999999994
53,Lantern,583.0,97.0,213.68720650104962,255.66666666666666,0.000698,4.8e-05,0.00022427246573953052,0.0004021666666666666,736.0,97.0,261.06991400772324,289.0,0.256062,6e-06,0.11079271845545627,0.06416350000000001
54,Lantern,583.0,97.0,213.68720650104962,255.66666666666666,0.000571,0.000109,0.00017768011206159855,0.00029166666666666664,1454.0,97.0,537.681364750537,622.5,0.714402,8e-06,0.2912257957822418,0.23974299999999998
55,Lantern,583.0,97.0,213.68720650104962,255.66666666666666,0.000745,6.4e-05,0.0002420064852207248,0.00042383333333333335,1454.0,97.0,521.3134949337107,522.2,0.019244,7e-06,0.007428198742629333,0.0044592
56,Lantern,583.0,97.0,213.68720650104962,255.66666666666666,0.000398,3.7e-05,0.00014306175822583291,0.000235,1454.0,97.0,521.3134949337107,522.2,0.002542,6e-06,0.0009272144088612945,0.0007497999999999999
57,Lantern,583.0,97.0,213.68720650104962,255.66666666666666,0.00037,4.9e-05,0.00011504008963062494,0.00021933333333333332,1454.0,120.0,532.1251614986835,628.25,0.012504,8e-06,0.00522236043375024,0.0034839999999999997
58,Lantern,583.0,97.0,213.68720650104962,255.66666666666666,0.000884,3.5e-05,0.0003111909470976872,0.00039783333333333337,1454.0,97.0,521.2312346742087,522.0,0.254657,0.000165,0.10140466846531278,0.0518598
59,Lantern,758.0,91.0,244.7773665674044,289.57142857142856,1.133335,0.000498,0.3914312639530961,0.1773367142857143,1454.0,85.0,497.32869886096836,413.27272727272725,0.24908,4e-06,0.07008658339558374,0.030576545454545457
60,Lantern,758.0,91.0,241.4846980141806,254.875,2.033408,4e-05,0.6691565305840256,0.31968,1454.0,85.0,411.987893865048,293.44444444444446,1.106236,3e-06,0.34518542022505905,0.13064777777777778
61,Lantern,758.0,91.0,241.4846980141806,254.875,3.421692,4.2e-05,1.119646327796193,0.4937965,212.0,85.0,41.7499847244259,146.71428571428572,0.047218,4e-06,0.015547567248509937,0.010200285714285714
62,Lantern,758.0,91.0,241.4846980141806,254.875,0.704438,0.00023,0.2310495758013851,0.0935205,223.0,85.0,53.64285185889687,157.33333333333334,0.018854,4e-06,0.006536943237392297,0.005874333333333333
63,Lantern,583.0,97.0,213.68720650104962,255.66666666666666,0.002952,0.000157,0.0009408830367739069,0.0009103333333333334,1454.0,97.0,521.3134949337107,522.2,0.970336,0.00059,0.37702073784416684,0.2255532
64,Lantern,583.0,97.0,213.68720650104962,255.66666666666666,0.000819,7.6e-05,0.00025683241401522686,0.0003193333333333333,1454.0,97.0,521.3134949337107,522.2,0.248155,3e-06,0.09912330077837399,0.049908999999999995
65,Lantern,583.0,97.0,213.68720650104962,255.66666666666666,0.002019,1e-06,0.0006886788680751961,0.0005285,1454.0,97.0,521.3134949337107,522.2,0.712402,2e-06,0.2768544049799461,0.192691
66,Lantern,758.0,91.0,241.4846980141806,254.875,8.757116,3.2e-05,2.8760167083620076,1.15881925,212.0,85.0,41.7499847244259,146.71428571428572,0.007854,4e-06,0.003371265468209654,0.002557
67,Lantern,583.0,97.0,213.68720650104962,255.66666666666666,0.000441,4.3e-05,0.0001369956406443488,0.00026783333333333336,203.0,97.0,45.526549030940906,140.0,0.001192,0.000228,0.0004314309523743824,0.0005849999999999999
68,Lantern,583.0,97.0,213.68720650104962,255.66666666666666,0.000866,3.9e-05,0.0002527972947288444,0.00047516666666666665,1454.0,97.0,521.2312346742087,522.0,0.008821,5e-06,0.003440770983369861,0.0019568
69,Lantern,583.0,97.0,213.68720650104962,255.66666666666666,0.000592,5.9e-05,0.00017326448953358369,0.0002805,737.0,97.0,261.4979684433514,289.25,0.761605,0.000531,0.3103664758735832,0.25150924999999996
70,Lantern,583.0,97.0,213.68720650104962,255.66666666666666,0.001219,1.6e-05,0.00039472986543542246,0.000517,1454.0,97.0,521.3134949337107,522.2,0.002602,7e-06,0.0010037480560379682,0.0012172
71,Lantern,583.0,97.0,213.68720650104962,255.66666666666666,0.000722,3e-05,0.00020429200234522697,0.0003446666666666667,737.0,97.0,261.4979684433514,289.25,0.253009,0.000183,0.10824955587553234,0.0656175
72,Lantern,583.0,97.0,213.68720650104962,255.66666666666666,0.000524,0.000116,0.00015798180274955722,0.0003295,737.0,97.0,261.4979684433514,289.25,0.000898,0.000363,0.00021915790540156203,0.00057825
73,Lantern,758.0,91.0,241.4846980141806,254.875,0.856025,5e-05,0.2822120300511822,0.109394125,1454.0,85.0,549.9928132935522,451.46153846153845,5.001761,6e-06,1.9975685605610696,1.0964672307692307
74,Lantern,809.0,91.0,281.6837943510418,361.2,0.159979,0.000226,0.0613271769818243,0.0384482,1454.0,85.0,433.7937297840991,311.0,0.201172,0.000127,0.06466838939628367,0.034162874999999995
75,Lantern,571.0,571.0,0.0,571.0,0.000465,0.000465,0.0,0.000465,1454.0,402.0,526.0,928.0,0.003081,5.4e-05,0.0015134999999999999,0.0015674999999999999
76,Lantern,1454.0,97.0,518.9711359989109,480.4,4.186634,1e-06,1.6724358552388667,0.8417897999999999,1454.0,1083.0,185.5,1268.5,0.928236,0.001412,0.463412,0.46482399999999996
77,Lantern,583.0,97.0,206.2195809217824,254.46666666666667,0.043601,6.7e-05,0.01090359726858781,0.004450933333333334,1454.0,89.0,537.55564851939,1121.8214285714287,0.176341,4e-06,0.04396889405051611,0.016676785714285713
78,Lantern,496.0,97.0,148.67918482423826,273.0,0.016112,0.000434,0.006695800661608737,0.004517,1454.0,97.0,576.3265133585302,456.5,0.136398,3e-06,0.0567023636560902,0.05245725
79,Lantern,501.0,97.0,150.55792074812936,274.25,0.00407,0.000464,0.001376089273085144,0.00175325,1454.0,117.0,556.1967277861314,1095.0,0.213704,3e-06,0.08439931172681446,0.044619200000000005
80,Lantern,313.0,97.0,88.02698449907278,212.5,28.612483,0.000276,12.333961504028185,7.25122525,1454.0,78.0,636.1533901524608,878.5555555555555,0.175882,1e-06,0.08257371750543067,0.05865666666666666
81,Lantern,307.0,97.0,79.87020721145025,215.5,0.00137,0.000515,0.000327181429026771,0.0009402500000000001,1454.0,97.0,652.7607184532136,776.3333333333334,0.259889,9.7e-05,0.11390710789462027,0.0805405
82,Lantern,549.0,97.0,168.9428527638858,286.25,0.000941,0.00025,0.00024580619906747675,0.00062075,1454.0,97.0,596.1198611763317,639.3333333333334,0.258724,6e-06,0.11516363963363901,0.08165900000000001
83,Lantern,1454.0,97.0,254.64352335037907,366.5180467091295,9.4129,0.0,0.6127674049305748,0.07830517622080681,1454.0,76.0,215.71391268000315,1381.1394692264257,10.037961,0.0,0.3085835515860498,0.03271590231507623
84,Lantern,292.0,85.0,73.6512050139032,190.0,0.001646,0.000138,0.0006089845544018337,0.0006437499999999999,1454.0,63.0,441.7626105519034,456.2857142857143,0.250428,7e-06,0.10199678418980289,0.06958471428571429
85,Lantern,549.0,97.0,168.9428527638858,286.25,0.00117,0.000262,0.0003282175345712048,0.0006835,1454.0,97.0,595.9856681722025,639.5,0.233273,8e-06,0.08593114335456165,0.041292333333333334
86,Lantern,583.0,103.0,158.51588473804674,172.0,7.698258,0.000215,2.8048824088708875,2.4417450714285716,1454.0,103.0,591.018860433768,469.54545454545456,10.049079,5e-06,4.500406273692846,5.977613477272729
87,Lantern,1083.0,97.0,390.0803603105391,419.75,0.000792,0.000477,0.00011153586867012781,0.0006335,1454.0,117.0,658.1675318640384,796.0,0.317598,5e-06,0.13739444266667955,0.07962425
88,Lantern,583.0,97.0,209.6804446983287,262.6666666666667,0.000796,0.000144,0.0002655855166733809,0.000446,1454.0,97.0,550.9248950628389,775.4,0.180118,0.000116,0.07129029956003832,0.0375922
89,Lantern,583.0,97.0,209.6320115032854,263.44444444444446,0.000665,8e-05,0.000178240647426623,0.00039377777777777783,1454.0,252.0,202.57560898307457,1411.5098039215686,0.177678,6e-06,0.02960991108561912,0.011862823529411764
90,Lantern,583.0,103.0,158.51588473804674,172.0,7.693001,0.000229,2.803806879513528,2.4155995714285714,1454.0,120.0,191.54725667932107,1423.2093023255813,0.176945,6e-06,0.02732839760893342,0.011975988372093023
91,Lantern,583.0,97.0,209.6804446983287,262.6666666666667,0.000918,0.000159,0.0002455520424585297,0.00044516666666666663,1342.0,103.0,471.26917998103806,502.4,0.175321,7e-06,0.06881370699039546,0.037804800000000006
92,Lantern,583.0,97.0,209.6804446983287,262.6666666666667,0.000929,7.9e-05,0.00031730584614847554,0.0005459999999999999,1342.0,97.0,535.6660703170296,666.1666666666666,0.180175,0.000183,0.06640360480676734,0.031744
93,Lantern,583.0,97.0,209.6804446983287,262.6666666666667,0.000939,9.7e-05,0.0002934702805320422,0.0003851666666666667,1342.0,97.0,535.9118138483441,666.8333333333334,0.686592,0.000196,0.2551614662095792,0.11604466666666667
94,Lantern,0.0,0.0,0.0,0.0,0.0,0.0,0.0,0.0,1454.0,1454.0,0.0,1454.0,0.004156,0.004156,0.0,0.004156
95,Lantern,583.0,97.0,209.6804446983287,262.6666666666667,0.000913,0.000102,0.0003067424272360553,0.0004275,1454.0,97.0,559.1792845074128,666.8333333333334,0.175653,0.000161,0.06494313025169705,0.03049533333333333
96,Lantern,583.0,97.0,209.6804446983287,262.6666666666667,0.000563,0.000151,0.00015165054859409146,0.00036966666666666674,1342.0,97.0,456.3488249135742,435.5,0.169426,4e-06,0.07801260865914916,0.058687833333333335
97,Lantern,563.0,97.0,174.4066727507867,289.75,0.001309,0.000211,0.0004360444358090125,0.0008314999999999999,1454.0,97.0,614.4159150499495,587.5,0.199429,7e-06,0.0727590207131658,0.03858783333333333
98,Lantern,1454.0,92.0,337.4871330888829,433.5856252291896,7.583199,0.0,0.24270776510002548,0.025950301796846355,1454.0,68.0,541.3547708683512,1084.386337543054,7.921555,0.0,0.2502726481668579,0.024045139494833525
99,Lantern,758.0,91.0,212.58126302294318,222.45454545454547,4.865728,4.9e-05,1.6459941273563532,1.3748448181818183,1454.0,85.0,637.3214993695674,692.0535714285714,5.107282,4e-06,2.2972718096842732,1.765848625
100,Lantern,1034.0,159.0,364.85156799261074,544.0,0.001941,0.000817,0.0004648765666520762,0.0014316666666666668,1354.0,324.0,425.30694797992663,722.0,0.238565,0.000313,0.11654787703879467,0.11697250000000001
101,Lantern,758.0,91.0,248.68215924454776,283.57142857142856,0.742286,0.000192,0.2555547405415624,0.12449285714285716,212.0,85.0,41.7499847244259,146.71428571428572,0.011663,4e-06,0.004597800245991644,0.003158571428571428
102,Lantern,758.0,91.0,241.4846980141806,254.875,3.166928,6e-05,1.0550193327679769,0.52899725,1454.0,85.0,411.987893865048,293.44444444444446,3.389348,8e-06,1.0626685644570861,0.3838487777777778
103,Lantern,758.0,91.0,254.2354551723002,317.0,0.196896,0.000311,0.07262071178332435,0.034541499999999996,1454.0,85.0,428.79946872051977,347.375,0.007777,5e-06,0.0033126725898434332,0.00393825
104,Lantern,758.0,91.0,248.68215924454776,283.57142857142856,0.684645,0.000292,0.2800162615979031,0.17921114285714282,212.0,85.0,41.7499847244259,146.71428571428572,0.045602,3e-06,0.014942088742876614,0.010452
105,Lantern,1454.0,97.0,518.9711359989109,480.4,5.57491,1e-06,2.227804645738993,1.1193206,1454.0,117.0,546.7846925436007,1027.0,0.092606,0.000386,0.03783864362245956,0.028923749999999998
106,Lantern,496.0,97.0,148.67918482423826,273.0,0.004877,0.000715,0.0017436240097853668,0.00186425,1454.0,117.0,556.6170137536221,493.0,0.451156,0.072218,0.1552893156313402,0.1899795
107,Lantern,501.0,97.0,150.55792074812936,274.25,0.059699,0.000972,0.02507206106780015,0.01628225,1454.0,117.0,556.3650689969671,1094.9,0.203421,4e-06,0.08036626731259826,0.0423588
108,Lantern,292.0,85.0,73.6512050139032,190.0,0.006471,7.4e-05,0.002608708432826482,0.00198375,392.0,60.0,118.48809464004631,162.0,4.026952,4e-06,1.3863813368885112,0.6395877142857141
109,Lantern,307.0,97.0,79.87020721145025,215.5,0.036276,0.00013,0.01636324021052982,0.01691575,1454.0,97.0,652.7607184532136,776.3333333333334,0.235413,2e-06,0.1076185290066518,0.07663833333333332
110,Lantern,313.0,97.0,88.02698449907278,212.5,27.165856,0.00043,11.716627754586906,6.873072250000001,1454.0,97.0,616.7837579586809,910.7142857142857,0.16633,1e-06,0.0820790114318676,0.07113028571428572
111,Lantern,1454.0,97.0,244.69124047548596,343.4511111111111,7.702281,0.0,0.49036838550702117,0.05980393555555555,1454.0,73.0,236.33101646408642,1401.690198550268,8.241444,0.0,0.1557878475580417,0.01480872423573905
112,Lantern,549.0,97.0,168.9428527638858,286.25,0.003068,0.000693,0.0008883555031630073,0.001673,1454.0,97.0,596.1198611763317,639.3333333333334,0.224495,0.00011,0.0821330754379068,0.04192066666666666
113,Lantern,583.0,97.0,213.68720650104962,255.66666666666666,0.000518,5.4e-05,0.00013882202835125107,0.00026666666666666673,1454.0,120.0,532.1759577433013,628.5,2.910665,0.000985,1.1869085350810262,0.9688067499999999
114,Lantern,549.0,97.0,168.9428527638858,286.25,0.001047,0.00027,0.0002756033154735262,0.00065525,1454.0,97.0,595.9856681722025,639.5,0.232176,6e-06,0.086090025967814,0.039703166666666664
115,Lantern,549.0,97.0,168.9428527638858,286.25,0.001265,4.4e-05,0.0005290420588195233,0.000656,1454.0,97.0,516.8626896962093,476.4,0.317473,7e-06,0.12310291039841421,0.0751368
116,Lantern,1083.0,97.0,390.0803603105391,419.75,0.003125,0.000404,0.0011026292157838011,0.0012732499999999999,1454.0,97.0,515.8474968437862,444.6,0.229755,6e-06,0.10741513747438021,0.08801439999999999
117,Lantern,583.0,97.0,213.68720650104962,255.66666666666666,0.001328,0.000125,0.0004233876933602214,0.0005621666666666667,1454.0,120.0,532.1759577433013,628.5,1.056207,0.000259,0.4332956933769363,0.32667599999999997
118,Lantern,583.0,97.0,213.68720650104962,255.66666666666666,0.001198,1e-06,0.000393134695605576,0.0003866666666666667,737.0,97.0,261.4979684433514,289.25,0.696527,0.0,0.284428759759364,0.2359075
119,Lantern,583.0,97.0,213.68720650104962,255.66666666666666,0.000875,3.4e-05,0.0002653626449471239,0.00037000000000000005,737.0,97.0,261.4979684433514,289.25,0.185642,0.000193,0.07953749407787185,0.04791875
120,Lantern,583.0,97.0,213.68720650104962,255.66666666666666,0.00085,0.000143,0.0002360419571931133,0.0003591666666666667,1454.0,97.0,521.3134949337107,522.2,3.073289,0.000485,1.2279059057508275,0.6174812
121,Lantern,583.0,97.0,213.68720650104962,255.66666666666666,0.000633,9.1e-05,0.00016673773484794083,0.0003318333333333333,1454.0,97.0,521.3134949337107,522.2,0.24376,4e-06,0.09729980946127284,0.049163000000000005
122,Lantern,583.0,97.0,213.68720650104962,255.66666666666666,0.000799,6.9e-05,0.0002464389151268299,0.0003978333333333333,1454.0,97.0,521.3134949337107,522.2,0.703688,5e-06,0.2811309021766195,0.14142760000000001
123,Lantern,583.0,97.0,213.68720650104962,255.66666666666666,0.000715,3e-05,0.0002492207856499935,0.000378,1454.0,97.0,478.24520094008494,446.1666666666667,0.01068,4e-06,0.0037280232921303837,0.002626
124,Lantern,583.0,97.0,213.68720650104962,255.66666666666666,0.000633,0.000173,0.00017041265276446528,0.0004008333333333333,737.0,97.0,261.4979684433514,289.25,0.766607,0.000984,0.2849891326247152,0.29834225000000003
125,Lantern,1454.0,99.0,349.86383232845566,434.0928462709285,9.484395,0.0,0.234285036248264,0.020372229071537292,1454.0,83.0,394.32905938376734,1287.2499504066654,6.552104,0.0,0.12750815258039008,0.03071501884546717
126,Lantern,758.0,91.0,238.6086950951285,260.125,4.05805,4.5e-05,1.438672074116174,0.791128625,1454.0,85.0,568.6158007731485,518.2666666666667,5.009604,1.1e-05,1.7324797279524013,0.8209488000000001
127,Lantern,758.0,91.0,241.4846980141806,254.875,2.251937,4.4e-05,0.9029570422025813,0.520920375,1454.0,85.0,504.20032421860736,386.8181818181818,5.026094,7e-06,1.4516266142988448,0.578067
128,Lantern,583.0,97.0,209.6804446983287,262.6666666666667,0.000959,3.9e-05,0.00035477618140017364,0.0004968333333333333,1454.0,97.0,559.1792845074128,666.8333333333334,0.171538,0.000351,0.07971502305661503,0.0587365
129,Lantern,583.0,97.0,209.6804446983287,262.6666666666667,0.001595,9.2e-05,0.00048132525385647496,0.0007019999999999999,1342.0,120.0,516.4410518152096,780.8,0.173554,0.0009,0.06677295949828793,0.04191380000000001
130,Lantern,583.0,97.0,209.6804446983287,262.6666666666667,0.00116,0.000183,0.0003446836311105527,0.0006018333333333335,1454.0,97.0,537.9681350096065,581.0,0.171756,8e-06,0.0590743138787485,0.02727442857142857
131,Lantern,758.0,91.0,241.4846980141806,254.875,1.468109,5.1e-05,0.4809428678286376,0.221347375,1454.0,85.0,411.987893865048,293.44444444444446,3.906906,6e-06,1.225154351333449,0.44185722222222223
132,Lantern,758.0,91.0,241.4846980141806,254.875,8.117608,4.3e-05,2.635772679187583,1.3928532500000002,1454.0,85.0,411.987893865048,293.44444444444446,4.773824,6e-06,1.4991749981691371,0.5335318888888889
133,Lantern,758.0,91.0,241.4846980141806,254.875,2.651443,7.1e-05,0.8669817709865285,0.40191925,1454.0,85.0,411.987893865048,293.44444444444446,0.151708,5e-06,0.04692195630098037,0.025078000000000003
134,Lantern,758.0,91.0,248.68215924454776,283.57142857142856,0.668649,0.000302,0.275634897778839,0.17498714285714284,1454.0,85.0,411.987893865048,293.44444444444446,3.770718,4e-06,1.1843440744449703,0.4208995555555556
135,Lantern,758.0,91.0,241.4846980141806,254.875,1.77653,5.2e-05,0.627250477684304,0.34519875,1454.0,85.0,411.987893865048,293.44444444444446,1.861744,7e-06,0.5844109182938929,0.208808
136,Lantern,758.0,91.0,248.68215924454776,283.57142857142856,2.754809,0.000268,0.9503084692418003,0.4893251428571429,1454.0,85.0,432.55243540523503,314.125,0.80325,0.000175,0.26481717935537036,0.10265937500000001
137,Lantern,583.0,97.0,209.6804446983287,262.6666666666667,0.000944,6.3e-05,0.0002938127237998155,0.00046049999999999997,1454.0,97.0,559.1792845074128,666.8333333333334,0.176705,0.000259,0.08275481824525721,0.059344833333333326
138,Lantern,583.0,97.0,209.6804446983287,262.6666666666667,0.001269,0.000139,0.0003663381861977627,0.0006090000000000001,1454.0,97.0,559.1792845074128,666.8333333333334,0.169409,0.000123,0.06259684242036495,0.029499000000000008
139,Lantern,583.0,97.0,209.6804446983287,262.6666666666667,0.001112,0.000109,0.0003355991739494535,0.0004951666666666666,1342.0,97.0,578.8968820092227,627.0,0.178768,0.001352,0.08453002456642254,0.07245
140,Lantern,583.0,97.0,209.6804446983287,262.6666666666667,0.001102,4.4e-05,0.00038071321957026336,0.0005736666666666667,1454.0,97.0,559.1792845074128,666.8333333333334,0.550305,5e-06,0.20194669731364487,0.12106366666666667
141,Lantern,583.0,97.0,209.6804446983287,262.6666666666667,0.001325,5.5e-05,0.0004945044657701957,0.000683,1342.0,120.0,516.4410518152096,780.8,0.172815,0.000132,0.06824745222087049,0.0363574
142,Lantern,583.0,97.0,209.6804446983287,262.6666666666667,0.001696,5.8e-05,0.0005374218289409374,0.0005906666666666666,1454.0,97.0,537.9681350096065,581.0,0.171772,0.000295,0.05919409621554763,0.026940285714285715
143,Lantern,758.0,91.0,248.68215924454776,283.57142857142856,4.049453,0.000237,1.4061650723327512,0.743727,1454.0,85.0,411.987893865048,293.44444444444446,2.27666,4e-06,0.7127332530488217,0.26111300000000004
144,Lantern,583.0,97.0,209.6804446983287,262.6666666666667,0.001649,0.000215,0.0004946391501780757,0.0006873333333333333,1342.0,97.0,530.4502542390023,666.8333333333334,0.173142,9e-06,0.06380827303466742,0.030505
145,Lantern,583.0,97.0,209.6804446983287,262.6666666666667,0.000874,3.6e-05,0.00031766789086857503,0.0004406666666666667,1454.0,120.0,540.458036196048,661.6666666666666,0.175938,0.000258,0.06463916015186838,0.03149216666666667
146,Lantern,583.0,97.0,209.6804446983287,262.6666666666667,0.001408,0.000175,0.0004259137888769928,0.0006153333333333333,1342.0,252.0,445.91877685914454,776.6666666666666,0.169886,0.000772,0.07870858963713342,0.058603999999999996
147,Lantern,758.0,91.0,241.4846980141806,254.875,4.461987,4.6e-05,1.4898007657577856,0.750442625,1454.0,85.0,411.987893865048,293.44444444444446,0.278,3e-06,0.08642102763023977,0.03378666666666667
148,Lantern,758.0,91.0,200.25468990363836,203.53846153846155,4.275832,0.0,1.5136457198659263,1.578125153846154,1454.0,85.0,645.3246700321212,714.0454545454545,5.205274,4e-06,2.3365070782326036,1.9459601477272728
149,Lantern,583.0,97.0,209.6804446983287,262.6666666666667,0.001142,4.9e-05,0.0003794431958658488,0.0005041666666666667,1454.0,97.0,559.1792845074128,666.8333333333334,0.172725,0.0002,0.06392675959686643,0.02982366666666667
150,Lantern,583.0,97.0,209.6804446983287,262.6666666666667,0.001011,0.000141,0.00027332627023394585,0.0005155,1454.0,97.0,559.1792845074128,666.8333333333334,0.175516,5e-06,0.08071057801111876,0.06096833333333334
151,Lantern,583.0,97.0,209.6804446983287,262.6666666666667,0.000686,1e-06,0.000219277158459841,0.00038183333333333336,1454.0,97.0,559.1792845074128,666.8333333333334,0.187745,4e-06,0.06947452439483763,0.03242966666666667
152,Lantern,583.0,97.0,209.6804446983287,262.6666666666667,0.000802,0.000142,0.00022321470730118917,0.0004108333333333333,1342.0,97.0,475.92671704790854,509.4,0.169646,0.000359,0.06697787331171391,0.0357372
153,Lantern,583.0,97.0,209.6804446983287,262.6666666666667,0.00105,3.2e-05,0.00037640200879142795,0.0004541666666666667,1454.0,97.0,552.743288387243,581.0,0.055026,0.000225,0.018647061893641747,0.011769142857142856
154,Lantern,583.0,97.0,209.6804446983287,262.6666666666667,0.000808,4.9e-05,0.00023880163781310677,0.0004166666666666666,1454.0,97.0,542.0846006719931,581.0,0.17369,4e-06,0.07711178420756111,0.05150642857142857
155,Lantern,583.0,97.0,209.6804446983287,262.6666666666667,0.000716,7.9e-05,0.0002057941258204962,0.0004436666666666667,1454.0,103.0,557.5806867371056,661.6666666666666,0.174566,7e-06,0.06356505725894797,0.032584
156,Lantern,583.0,97.0,209.6804446983287,262.6666666666667,0.001102,8.7e-05,0.0003154927363136379,0.0004759999999999999,1342.0,97.0,448.3450122394583,435.5,0.172061,0.000146,0.06303334281619001,0.03126350000000001
157,Lantern,583.0,97.0,209.6804446983287,262.6666666666667,0.001346,0.000104,0.00041158798168394896,0.000543,1454.0,97.0,559.1792845074128,666.8333333333334,0.170456,3e-06,0.06297822351063545,0.029681333333333327
158,Lantern,583.0,92.0,186.8393962739122,234.2,18.818159,0.000417,7.292375466373503,4.5701252000000006,1454.0,92.0,486.3871628879839,431.1666666666667,0.033254,0.000229,0.014570342846572507,0.013183
159,Lantern,1454.0,87.0,574.1285143767101,698.1428571428571,5.404888,1e-06,1.8900377176250605,0.7752852857142857,1454.0,117.0,508.87853167529084,1063.8,0.246174,6e-06,0.1029299126435071,0.089436
160,Lantern,1454.0,97.0,524.9233848858325,414.2,5.374952,1e-06,2.149582385402579,1.0757874,1083.0,211.0,436.0,647.0,0.136465,6e-06,0.0682295,0.0682355
161,Lantern,496.0,97.0,148.67918482423826,273.0,0.015087,0.000708,0.0056944868513326115,0.005337,1454.0,97.0,614.8353212220507,586.8333333333334,0.130179,0.000128,0.05050581320254135,0.034056499999999996
162,Lantern,501.0,97.0,150.55792074812936,274.25,0.004867,0.000468,0.0017164362790386364,0.0019419999999999997,1454.0,117.0,556.1967277861314,1095.0,0.21227,5e-06,0.08386749210272118,0.044006
163,Lantern,292.0,85.0,73.6512050139032,190.0,0.156384,0.000118,0.06617557182223664,0.042044000000000005,1454.0,60.0,407.21812336879117,350.0,6.00257,6e-06,1.7817915198197714,0.6650695000000001
164,Lantern,313.0,97.0,87.83329380138262,212.25,27.899812,0.000281,12.027328638508042,7.06888175,1454.0,97.0,616.5507741807297,911.0,0.603335,1e-06,0.20522636998371788,0.13648614285714286
165,Lantern,307.0,97.0,79.87020721145025,215.5,0.082502,0.000212,0.03539678601494068,0.021195750000000003,1454.0,97.0,637.9521612158704,908.2,0.277736,9.7e-05,0.11093225847227667,0.0558728
166,Lantern,1454.0,72.0,325.43301055294535,416.8087526508579,2.377645,0.0,0.045838052467084625,0.008315762483130904,1454.0,67.0,340.2287303216426,1340.899622935899,0.628321,0.0,0.027220090864173523,0.014631386035626056
167,Lantern,549.0,97.0,168.9428527638858,286.25,0.002545,0.000683,0.0006923974202002778,0.00140675,1454.0,97.0,596.1198611763317,639.3333333333334,0.229097,9.3e-05,0.0844080900190655,0.040615
168,Lantern,583.0,97.0,213.68720650104962,255.66666666666666,0.00072,0.000135,0.0001905682292513629,0.0004375,1454.0,97.0,521.3134949337107,522.2,0.002555,0.000108,0.0008838852866746907,0.000843
169,Lantern,583.0,97.0,213.68720650104962,255.66666666666666,0.000674,4.5e-05,0.00022350149141933407,0.00039949999999999995,736.0,97.0,261.06991400772324,289.0,0.244423,6e-06,0.10538368704257552,0.06189875
170,Lantern,1083.0,97.0,390.0803603105391,419.75,0.00121,0.000533,0.0002614794446988137,0.000773,1454.0,97.0,651.7083396735077,656.2,0.279488,8e-06,0.12767036326508985,0.1044834
171,Lantern,583.0,97.0,213.68720650104962,255.66666666666666,0.000543,5.2e-05,0.0001839498723988564,0.00028333333333333335,1454.0,97.0,521.3134949337107,522.2,0.712312,0.000113,0.2842657355947072,0.14379499999999998
172,Lantern,583.0,97.0,213.68720650104962,255.66666666666666,0.000717,6.7e-05,0.00021884120320959263,0.0003108333333333333,737.0,97.0,261.4979684433514,289.25,0.833687,0.000851,0.3768142849669947,0.37232075
173,Lantern,583.0,97.0,213.68720650104962,255.66666666666666,0.000551,6.2e-05,0.00016015764802912853,0.0002568333333333333,1454.0,97.0,521.2312346742087,522.0,2.827552,0.000921,1.106531266739553,0.7887914
174,Lantern,583.0,97.0,213.68720650104962,255.66666666666666,0.000721,4.9e-05,0.0002064466570865758,0.00037666666666666664,1402.0,203.0,489.5374233793458,797.6666666666666,0.007876,8e-06,0.003216380712678287,0.004059333333333332
175,Lantern,583.0,97.0,213.68720650104962,255.66666666666666,0.000667,7.9e-05,0.00019419212994695054,0.00035850000000000004,1454.0,97.0,537.681364750537,622.5,0.25321,6e-06,0.10946490609408797,0.06361175000000001
176,Lantern,583.0,97.0,213.68720650104962,255.66666666666666,0.000683,4.9e-05,0.00022634413327203041,0.00042899999999999997,736.0,97.0,261.06991400772324,289.0,0.793133,0.000242,0.3057361934695498,0.29593650000000005
177,Lantern,583.0,97.0,213.68720650104962,255.66666666666666,0.000732,5.2e-05,0.00025707759312878456,0.00037533333333333326,1454.0,97.0,521.2312346742087,522.0,1.460584,9e-06,0.5458329597447923,0.3899868
178,Lantern,0.0,0.0,0.0,0.0,0.0,0.0,0.0,0.0,1454.0,1454.0,0.0,1454.0,0.015187,0.015187,0.0,0.015187
179,Lantern,758.0,91.0,229.1121888109151,244.77777777777777,2.287073,3.6e-05,0.7199816830785469,0.36005577777777775,1454.0,85.0,601.264117718826,578.2272727272727,5.002453,3e-06,2.2112027167555146,1.359749181818182
180,Lantern,583.0,97.0,213.68720650104962,255.66666666666666,0.000693,5.1e-05,0.00024071490744585527,0.000364,1324.0,120.0,494.91129255655505,628.25,0.955099,0.000153,0.39181716622448726,0.44998125
181,Lantern,583.0,97.0,213.68720650104962,255.66666666666666,0.000682,5.4e-05,0.0002220566119008594,0.0004211666666666667,736.0,97.0,261.06991400772324,289.0,0.002769,8e-06,0.0011029144345777691,0.0012215000000000001
182,Lantern,583.0,97.0,213.68720650104962,255.66666666666666,0.000907,5.8e-05,0.00029004180733128803,0.0004384999999999999,736.0,120.0,272.9334473212594,353.0,0.746303,0.002739,0.3097028153884875,0.33111633333333335
183,Lantern,758.0,91.0,241.4846980141806,254.875,5.042897,5.2e-05,1.6502243591654249,0.7220107499999999,1454.0,85.0,411.987893865048,293.44444444444446,2.42057,6e-06,0.7599324478979841,0.27118200000000003
184,Lantern,583.0,97.0,213.68720650104962,255.66666666666666,0.000741,4.7e-05,0.0002337444592332024,0.00035783333333333343,736.0,97.0,261.06991400772324,289.0,0.677285,6e-06,0.2928370581410206,0.17007775
185,Lantern,583.0,97.0,213.68720650104962,255.66666666666666,0.00107,4.6e-05,0.0003369045364293373,0.0005170000000000001,1454.0,120.0,532.1251614986835,628.25,0.241382,0.000222,0.10407351031212266,0.061124750000000005
186,Lantern,583.0,97.0,213.68720650104962,255.66666666666666,0.000678,9.4e-05,0.00021986542601226677,0.0003801666666666667,1090.0,76.0,457.0736629180611,446.0,5.969494,6e-06,2.1762743853345636,1.118945
187,Lantern,583.0,97.0,213.68720650104962,255.66666666666666,0.000852,6.5e-05,0.000260048980429115,0.0004241666666666667,1454.0,97.0,535.9647259848357,613.25,0.244288,8e-06,0.10525435339927751,0.061993
188,Lantern,758.0,91.0,241.4846980141806,254.875,0.73703,5.2e-05,0.28196420246682025,0.1619275,1454.0,85.0,411.987893865048,293.44444444444446,2.200213,5e-06,0.6906840102563027,0.24668322222222228
189,Lantern,583.0,97.0,213.68720650104962,255.66666666666666,0.000845,0.000132,0.00023895844594591943,0.0004671666666666667,735.0,97.0,260.64187595242635,288.75,0.002418,0.000137,0.000972070084921864,0.0011945
190,Lantern,583.0,97.0,213.68720650104962,255.66666666666666,0.002742,5.2e-05,0.0010533892917625467,0.001122,1454.0,97.0,497.3836268135716,445.8333333333333,0.009408,7e-06,0.003663462270251402,0.0029561666666666664
191,Lantern,758.0,91.0,241.4846980141806,254.875,1.799109,4.6e-05,0.604103563745476,0.31025762500000004,212.0,85.0,41.7499847244259,146.71428571428572,0.007699,7e-06,0.003254809602883156,0.002346857142857143
192,Lantern,758.0,91.0,241.4846980141806,254.875,2.670647,5e-05,0.879823654612451,0.422021125,1454.0,85.0,504.20032421860736,386.8181818181818,4.999645,4e-06,1.441889833156123,0.5614379090909091
193,Lantern,758.0,91.0,241.4846980141806,254.875,2.727136,5.3e-05,0.8932017581179429,0.40738262499999994,1454.0,85.0,411.987893865048,293.44444444444446,0.637814,6e-06,0.19971006094558405,0.07303033333333334
194,Lantern,758.0,91.0,241.4846980141806,254.875,1.107654,4.4e-05,0.4409538288062134,0.25485987499999996,212.0,85.0,41.7499847244259,146.71428571428572,0.045088,7e-06,0.014860005276456888,0.009681428571428573
195,Lantern,583.0,97.0,213.68720650104962,255.66666666666666,0.000469,6.6e-05,0.00014764032872716947,0.000282,1454.0,97.0,521.2312346742087,522.0,0.416606,0.000241,0.16416334866345775,0.08888899999999998
196,Lantern,583.0,97.0,213.68720650104962,255.66666666666666,0.000631,8.7e-05,0.00017438813670150337,0.0003066666666666667,1454.0,120.0,532.1251614986835,628.25,0.70712,0.000221,0.30574509112208165,0.1775555
197,Lantern,583.0,97.0,213.68720650104962,255.66666666666666,0.001057,3.2e-05,0.00034435321820608687,0.0004288333333333333,1454.0,97.0,521.2312346742087,522.0,0.001393,5e-06,0.000528372444398835,0.0007863999999999999
198,Lantern,809.0,91.0,281.6837943510418,361.2,0.366199,0.000232,0.1451553343099729,0.0759284,212.0,85.0,45.00987545960207,145.66666666666666,0.008692,2e-06,0.003764392809235272,0.003196666666666667
199,Lantern,583.0,97.0,213.68720650104962,255.66666666666666,0.000788,7e-05,0.00026423059163457126,0.00040716666666666673,1454.0,97.0,521.2312346742087,522.0,0.035625,0.0002,0.013937584774988812,0.007778199999999999
200,Lantern,583.0,97.0,213.68720650104962,255.66666666666666,0.000587,7.9e-05,0.00019932971011199846,0.000323,1454.0,97.0,521.2312346742087,522.0,1.479843,4e-06,0.6186093436011455,0.4879356
201,Lantern,583.0,97.0,213.68720650104962,255.66666666666666,0.001071,0.000108,0.00034381438790913527,0.0004449999999999999,620.0,97.0,191.77340795845498,244.4,0.725512,0.000118,0.2897199833180997,0.1460784
202,Lantern,758.0,91.0,241.4846980141806,254.875,0.569226,1.3e-05,0.189035272533949,0.095560625,212.0,85.0,44.333646615434446,149.83333333333334,0.037492,7e-06,0.012594155753320223,0.010714166666666665
203,Lantern,583.0,97.0,213.68720650104962,255.66666666666666,0.000718,2.6e-05,0.00024156480611950813,0.0003923333333333333,1454.0,97.0,521.2312346742087,522.0,0.002059,4e-06,0.0006800125292963358,0.0008296000000000001
204,Lantern,583.0,97.0,213.68720650104962,255.66666666666666,0.002591,3.6e-05,0.0008651940052188681,0.0008,1454.0,97.0,521.2312346742087,522.0,0.004068,4e-06,0.0016436539295119272,0.0015993999999999997
205,Lantern,583.0,97.0,213.68720650104962,255.66666666666666,0.000682,5.7e-05,0.00020599487588017544,0.00035033333333333336,1454.0,97.0,537.681364750537,622.5,0.005838,7e-06,0.0024994433880366246,0.0015105000000000001
206,Lantern,758.0,91.0,241.4846980141806,254.875,0.756087,4.4e-05,0.3145328646715385,0.18299737500000002,212.0,85.0,41.7499847244259,146.71428571428572,0.046114,5e-06,0.015163975777735704,0.010107571428571428
207,Lantern,758.0,91.0,248.68215924454776,283.57142857142856,0.668931,0.000399,0.2832207315512199,0.18503285714285717,1454.0,85.0,411.987893865048,293.44444444444446,1.384719,6e-06,0.43270676400434416,0.1614346666666667
208,Lantern,758.0,91.0,238.6086950951285,260.125,5.757026,6e-05,1.8626627481678573,0.9468886249999999,1454.0,85.0,408.8650355361175,325.77777777777777,0.007974,5e-06,0.0035437494093887635,0.003964888888888889
209,Lantern,809.0,91.0,281.6837943510418,361.2,0.420551,0.000305,0.16718906898646213,0.0861912,212.0,85.0,45.00987545960207,145.66666666666666,0.024,6e-06,0.008525185504661402,0.006764666666666666
210,Lantern,758.0,91.0,259.34661491268145,310.0,0.010752,0.000283,0.0036997565422906167,0.0035498333333333332,212.0,85.0,45.00987545960207,145.66666666666666,0.04519,5e-06,0.016077940713391543,0.009920499999999999
211,Lantern,758.0,91.0,248.68215924454776,283.57142857142856,1.842116,0.000224,0.6375383815067489,0.3433895714285714,212.0,85.0,41.7499847244259,146.71428571428572,0.045687,4e-06,0.015062783691290672,0.009731571428571428
212,Lantern,1454.0,97.0,518.9711359989109,480.4,2.595244,1e-06,1.0361037557907797,0.5230798,1454.0,117.0,546.7846925436007,1027.0,0.151648,0.000178,0.0629342215869077,0.043646500000000005
213,Lantern,496.0,97.0,148.67918482423826,273.0,0.014141,0.000624,0.0057935965243965685,0.00410875,1454.0,97.0,644.8122650375512,711.0,0.615633,2e-06,0.21256593760016382,0.09862914285714286
214,Lantern,501.0,97.0,150.55792074812936,274.25,0.001239,0.000385,0.0003176636389327555,0.0008812500000000001,1454.0,117.0,556.1967277861314,1095.0,0.212021,0.000104,0.08369536683837403,0.0443097
215,Lantern,307.0,97.0,79.87020721145025,215.5,0.005288,0.000631,0.0019445240259508237,0.0019252500000000003,1454.0,97.0,652.9184269280676,776.1666666666666,0.244902,6.6e-05,0.11341999064489862,0.08049633333333334
216,Lantern,313.0,97.0,88.02698449907278,212.5,28.451115,0.000835,12.276127253889275,7.189306,1454.0,78.0,631.1997322882959,714.5714285714286,0.165603,0.000309,0.08149546485265927,0.07147914285714285
217,Lantern,549.0,97.0,168.9428527638858,286.25,0.001598,6.3e-05,0.0006094983593087024,0.0010585,1454.0,97.0,595.9856681722025,639.5,0.230152,3e-06,0.08459156582547432,0.041479833333333334
218,Lantern,1454.0,97.0,406.25652514567304,449.0501002004008,9.549522,0.0,0.6144963708030344,0.07452363126252505,1454.0,97.0,184.6128224323976,1421.5747498528547,9.318509,1e-06,0.23229382236277532,0.02934849617422013
219,Lantern,583.0,97.0,209.6804446983287,262.6666666666667,0.0088,0.000339,0.003031111274030625,0.0022256666666666666,1454.0,97.0,559.1792845074128,666.8333333333334,0.172342,0.000116,0.06359839645427827,0.030165666666666664
220,Lantern,292.0,85.0,73.6512050139032,190.0,0.001887,0.000133,0.0007445404622987255,0.0005980000000000001,616.0,63.0,177.02595148734548,205.75,5.79311,4e-06,1.878717219494291,0.838086125
221,Lantern,549.0,97.0,168.9428527638858,286.25,0.003278,0.000631,0.0011207624636826485,0.0013380000000000002,1454.0,97.0,596.1198611763317,639.3333333333334,0.233719,4e-06,0.08787998439807301,0.05687616666666667
222,Lantern,583.0,97.0,209.6804446983287,262.6666666666667,0.001418,3.2e-05,0.0004579004319233118,0.0004291666666666666,1454.0,97.0,559.1792845074128,666.8333333333334,0.179026,0.000322,0.06617322617632704,0.031108499999999994
223,Lantern,1083.0,97.0,390.0803603105391,419.75,0.00116,1.4e-05,0.00047481173900820945,0.00069575,1454.0,97.0,516.0687551092393,444.2,0.645428,8.5e-05,0.2574462829303232,0.1929856
224,Lantern,549.0,97.0,168.9428527638858,286.25,0.003982,0.000623,0.0014336246675821394,0.00149975,1454.0,97.0,516.7400119982968,476.6,4.693962,7e-06,1.8537160806900932,0.9896544
225,Lantern,583.0,97.0,209.6804446983287,262.6666666666667,0.001484,4.6e-05,0.0004982979920578538,0.0005123333333333334,1454.0,97.0,559.1792845074128,666.8333333333334,0.697826,5e-06,0.25466133560323245,0.14591766666666667
226,Lantern,583.0,97.0,209.6804446983287,262.6666666666667,0.001336,2.8e-05,0.0004262975291194324,0.0005315,1342.0,97.0,522.3747313950015,776.2,0.169393,0.000735,0.06664612162879398,0.036122800000000004
227,Lantern,583.0,97.0,209.6804446983287,262.6666666666667,0.001052,0.000125,0.00030669515266248774,0.0005005000000000001,1454.0,97.0,559.1792845074128,666.8333333333334,0.666892,8e-06,0.24327904377717968,0.14126416666666666
228,Lantern,583.0,97.0,209.6804446983287,262.6666666666667,0.000793,0.000155,0.00023907785807602975,0.0004153333333333333,1342.0,97.0,425.71616130938696,435.5,0.542089,0.000249,0.1990348955256758,0.09840650000000002
229,Lantern,583.0,97.0,209.6804446983287,262.6666666666667,0.000835,4.9e-05,0.0002649792444702037,0.0004160000000000001,1342.0,97.0,535.6660703170296,666.1666666666666,0.175187,5e-06,0.06331199925610907,0.039211166666666665
230,Lantern,583.0,97.0,209.6804446983287,262.6666666666667,0.00125,7.6e-05,0.00041407799184855663,0.0005394999999999999,1342.0,97.0,535.9118138483441,666.8333333333334,0.176289,0.000269,0.06459906582593383,0.0319715
231,Lantern,583.0,97.0,209.6804446983287,262.6666666666667,0.000785,0.000101,0.00024810257735237033,0.0003736666666666667,1454.0,97.0,577.8554836635194,749.8,0.47822,0.000347,0.1906262220272961,0.096975
232,Lantern,1454.0,103.0,318.40235110234346,417.9,5.887674,0.0,0.21034057535159362,0.019751479687499997,1454.0,68.0,472.72452898954657,1203.143346659052,1.824697,0.0,0.045690562637102645,0.015822225014277554
233,Lantern,758.0,91.0,226.83621110102033,252.33333333333334,2.330964,0.000243,0.9348356553106005,0.7293449999999999,1454.0,85.0,633.7915730148922,679.5555555555555,5.10492,4e-06,2.2948789978096737,1.736537422222222
234,Lantern,571.0,105.0,233.0,338.0,0.001928,0.00029,0.000819,0.001109,191.0,85.0,53.0,138.0,0.007607,7e-06,0.0038,0.003807
235,Lantern,758.0,91.0,241.4846980141806,254.875,1.668884,8.1e-05,0.595956755490895,0.32995337500000005,212.0,85.0,41.7499847244259,146.71428571428572,0.03739,4e-06,0.012206416810306733,0.009024714285714285
236,Lantern,758.0,91.0,248.68215924454776,283.57142857142856,1.338144,0.00029,0.48141911410562516,0.2822654285714286,212.0,85.0,41.7499847244259,146.71428571428572,0.009024,6e-06,0.004007418793656972,0.0026975714285714285
237,Lantern,758.0,91.0,259.34661491268145,310.0,0.586782,0.000499,0.2176805043388641,0.10005933333333333,212.0,85.0,45.00987545960207,145.66666666666666,0.045921,5e-06,0.016191852220587156,0.010927999999999998
238,Lantern,1454.0,97.0,518.9711359989109,480.4,2.301029,0.0,0.9071129764911536,0.4904314,1454.0,117.0,490.07893241803407,1011.2,0.390752,0.000174,0.15398880648073093,0.0832688
239,Lantern,496.0,97.0,148.67918482423826,273.0,0.017534,0.000788,0.0069417349911603515,0.0055372500000000005,1454.0,97.0,665.2423117431222,789.0,0.134785,0.000105,0.05187332653257891,0.03462333333333333
240,Lantern,501.0,97.0,150.55792074812936,274.25,0.008382,0.000928,0.0031560054954800068,0.0029192500000000004,1454.0,117.0,556.0284974711278,1095.1,0.211921,9e-05,0.08385307315447657,0.0439455
241,Lantern,307.0,97.0,79.87020721145025,215.5,0.019211,0.000392,0.0077626439600177455,0.005917499999999999,1454.0,97.0,633.1726462821969,641.0,0.268874,3e-06,0.11988865175820437,0.145857
242,Lantern,1454.0,103.0,334.69595842457693,439.5316017316017,0.55395,0.0,0.02441960314764069,0.007089014891774892,1454.0,69.0,447.7263644106545,1232.9534684065934,0.769308,0.0,0.022158203604905672,0.010956123025412087
243,Lantern,549.0,97.0,168.9428527638858,286.25,0.003704,0.000367,0.001334961867432924,0.00142825,1454.0,97.0,595.9856681722025,639.5,0.230422,9.2e-05,0.08983215610422211,0.060789
244,Lantern,583.0,97.0,213.68720650104962,255.66666666666666,0.000383,4.5e-05,0.00011286336380282527,0.00022516666666666662,736.0,97.0,279.61203280418545,345.3333333333333,0.71043,0.002096,0.29354648406115624,0.320579
245,Lantern,313.0,97.0,88.02698449907278,212.5,26.38815,0.000234,11.426210142164908,6.5973735,1454.0,97.0,616.6671777898231,910.8571428571429,0.164641,0.000161,0.08110964288428552,0.07069857142857143
246,Lantern,583.0,97.0,213.68720650104962,255.66666666666666,0.000596,2.4e-05,0.00018360139493539318,0.0003008333333333333,1454.0,97.0,521.2312346742087,522.0,0.700511,4e-06,0.2799581397162083,0.1405958
247,Lantern,292.0,85.0,73.6512050139032,190.0,0.000547,9.9e-05,0.00016208716790665445,0.00030149999999999996,616.0,60.0,177.56015705951603,182.125,6.056487,1e-06,1.97966978902767,0.829086875
248,Lantern,583.0,97.0,213.68720650104962,255.66666666666666,0.00074,6.3e-05,0.00022571368294072616,0.00026599999999999996,1454.0,97.0,521.2312346742087,522.0,1.702701,1e-06,0.6798908949606548,0.342938
249,Lantern,583.0,97.0,213.68720650104962,255.66666666666666,0.000687,0.000187,0.00018877889771428964,0.0003901666666666667,1282.0,97.0,483.85659032403396,522.0,0.959596,7e-06,0.38305291784587675,0.1935056
250,Lantern,583.0,97.0,213.68720650104962,255.66666666666666,0.000686,0.000153,0.00017317685244345508,0.00036666666666666667,1454.0,97.0,521.2312346742087,522.0,0.001424,5e-06,0.0005745696128407767,0.0004454
251,Lantern,583.0,97.0,213.68720650104962,255.66666666666666,0.000777,2.8e-05,0.00025126839346713617,0.00035916666666666665,1454.0,97.0,521.2312346742087,522.0,0.71257,4e-06,0.28375524346492703,0.1451204
252,Lantern,583.0,97.0,213.68720650104962,255.66666666666666,0.000802,3.1e-05,0.0002474400600818981,0.00031249999999999995,736.0,97.0,261.06991400772324,289.0,0.029477,0.000698,0.012341049821125428,0.01309025
253,Lantern,583.0,97.0,213.68720650104962,255.66666666666666,0.001031,3.3e-05,0.0003574511621653136,0.00043599999999999997,1454.0,97.0,521.2312346742087,522.0,0.253087,0.000244,0.10101565839611205,0.051056000000000004
254,Lantern,583.0,97.0,213.68720650104962,255.66666666666666,0.000837,2.9e-05,0.0002772897101108033,0.0003615,1454.0,97.0,521.2312346742087,522.0,0.002504,0.000186,0.0008313753424296394,0.0010618000000000003
255,Lantern,758.0,91.0,238.6086950951285,260.125,4.170416,4.1e-05,1.378384693368377,0.673897375,1454.0,85.0,542.0939240438018,473.84615384615387,5.005755,3e-06,1.4073234985690148,0.5601630769230769
256,Lantern,583.0,97.0,213.68720650104962,255.66666666666666,0.001353,7.6e-05,0.00037738427218008026,0.0006383333333333333,1454.0,97.0,537.6287636464403,622.25,0.005366,8e-06,0.002216897663402621,0.0015415000000000001
257,Lantern,583.0,97.0,213.68720650104962,255.66666666666666,0.000709,3.3e-05,0.00023466483190570618,0.00035850000000000004,736.0,97.0,261.06991400772324,289.0,0.001756,5e-06,0.0007168523209141476,0.0006215
258,Lantern,583.0,97.0,213.68720650104962,255.66666666666666,0.000634,0.000125,0.0001832006337931783,0.00034416666666666667,1324.0,97.0,491.02545758850425,522.0,1.6513,0.000283,0.6600906820382787,0.3311198
259,Lantern,583.0,97.0,213.68720650104962,255.66666666666666,0.000667,1.3e-05,0.00020048247360361011,0.0003546666666666666,735.0,97.0,279.1463176663211,345.0,0.696843,0.000992,0.3277749265419116,0.23329966666666666
260,Lantern,583.0,97.0,213.68720650104962,255.66666666666666,0.000819,5.5e-05,0.00025386791184918715,0.0003395,1454.0,203.0,512.5767151255399,797.6666666666666,0.711422,0.000106,0.3346654218373263,0.23813633333333337
261,Lantern,583.0,97.0,213.68720650104962,255.66666666666666,0.000594,3.1e-05,0.00018395621459708526,0.00025933333333333337,1454.0,97.0,521.2312346742087,522.0,0.242375,4e-06,0.09216913882292706,0.0683122
262,Lantern,583.0,97.0,213.68720650104962,255.66666666666666,0.000501,3.8e-05,0.000159970570210065,0.00024849999999999997,1454.0,97.0,521.2312346742087,522.0,0.242781,4e-06,0.09621991296067567,0.050447200000000005
263,Lantern,583.0,97.0,213.68720650104962,255.66666666666666,0.001767,0.000109,0.0005704749483252236,0.000513,1454.0,97.0,537.681364750537,622.5,0.71642,8e-06,0.3095504791342601,0.1802715
264,Lantern,583.0,97.0,213.68720650104962,255.66666666666666,0.00072,4.3e-05,0.0002120524699219512,0.0004245,1282.0,97.0,535.3816914646554,527.3333333333334,1.465367,0.000739,0.6762555475400307,0.5096710000000001
265,Lantern,583.0,97.0,213.68720650104962,255.66666666666666,0.00082,1e-06,0.00029394864441863915,0.00044783333333333334,1454.0,97.0,504.4122916821119,511.2,1.432615,8e-06,0.5724513066835991,0.28771479999999994
266,Lantern,583.0,97.0,213.68720650104962,255.66666666666666,0.001071,1e-06,0.0003414788508173757,0.00039283333333333336,736.0,97.0,261.06991400772324,289.0,0.001882,0.000275,0.0006348295046703485,0.000835
267,Lantern,583.0,97.0,213.68720650104962,255.66666666666666,0.000951,6.2e-05,0.0003119542790574001,0.00036883333333333326,1454.0,120.0,532.1251614986835,628.25,2.985748,0.000402,1.2611579231901333,0.8083075
268,Lantern,583.0,97.0,213.68720650104962,255.66666666666666,0.000922,3.5e-05,0.0002929604163629543,0.00031183333333333334,1282.0,97.0,483.85659032403396,522.0,0.693352,0.000246,0.2707723546659814,0.1947422
269,Lantern,583.0,97.0,213.68720650104962,255.66666666666666,0.000828,0.000184,0.00022005958788978545,0.00039766666666666667,1454.0,97.0,521.2312346742087,522.0,0.945929,0.000199,0.37752847097436243,0.19088860000000002
270,Lantern,583.0,97.0,213.68720650104962,255.66666666666666,0.000672,8e-05,0.0002099650764611423,0.000341,1454.0,97.0,537.681364750537,622.5,0.001121,7e-06,0.00041688090325655365,0.00043425
271,Lantern,583.0,97.0,213.68720650104962,255.66666666666666,0.000912,6.6e-05,0.00028983525013742245,0.00043216666666666664,736.0,120.0,272.9334473212594,353.0,0.00838,0.000678,0.0033099127883777645,0.0037979999999999997
272,Lantern,583.0,97.0,213.68720650104962,255.66666666666666,0.000526,7.4e-05,0.00016774749542756883,0.0002703333333333333,1454.0,97.0,521.3134949337107,522.2,0.242092,0.000387,0.09653802444135678,0.0490166
273,Lantern,583.0,97.0,213.68720650104962,255.66666666666666,0.000526,0.000183,0.0001334725315061742,0.00034550000000000005,737.0,97.0,261.4979684433514,289.25,0.750398,0.000737,0.3607174177957727,0.36165650000000005
274,Lantern,1454.0,87.0,574.1285143767101,698.1428571428571,5.111694,1e-06,1.7874315287423586,0.7334254285714286,1454.0,117.0,508.87853167529084,1063.8,0.239353,7e-06,0.09356006917184276,0.0530046
275,Lantern,1454.0,97.0,524.9233848858325,414.2,4.906789,1e-06,1.9623575773133703,0.9820739999999999,1083.0,211.0,436.0,647.0,0.397711,0.020973,0.188369,0.209342
276,Lantern,583.0,97.0,209.40020163420198,262.0,0.013177,3.1e-05,0.004000775924742599,0.0020239999999999998,1454.0,97.0,519.5085942967228,1138.6896551724137,0.179723,8.2e-05,0.03315112429308186,0.01315903448275862
277,Lantern,496.0,97.0,148.67918482423826,273.0,0.014735,0.000391,0.006056150030134657,0.0042527500000000005,1454.0,97.0,644.9344215990221,710.8571428571429,0.073238,2e-06,0.025203506421098778,0.012112714285714284
278,Lantern,501.0,97.0,150.55792074812936,274.25,0.031394,0.000838,0.013065791793362543,0.008771749999999998,1454.0,117.0,556.1967277861314,1095.0,0.211771,0.000117,0.08370777639765616,0.04395239999999999
279,Lantern,292.0,180.0,56.0,236.0,0.002196,0.000226,0.000985,0.001211,392.0,63.0,132.79777859587864,169.5,5.326753,0.000104,2.306326590057702,1.33207825
280,Lantern,307.0,97.0,79.87020721145025,215.5,0.006431,0.000538,0.002488339657281538,0.0021295000000000003,1454.0,97.0,651.7083396735077,656.2,0.240754,8.9e-05,0.11484508103458328,0.09422539999999999
281,Lantern,313.0,97.0,88.02698449907278,212.5,27.480773,0.000177,11.852264141342582,6.9533932499999995,1454.0,78.0,639.3054703152477,806.625,0.166519,1e-06,0.08024391819750266,0.06252425
282,Lantern,549.0,97.0,168.9428527638858,286.25,0.007027,0.00041,0.002779137006338478,0.002219,1454.0,97.0,595.9856681722025,639.5,0.225371,5e-06,0.08306635903384046,0.03987383333333333
283,Lantern,1454.0,80.0,346.98282863623575,390.57798165137615,5.74332,0.0,0.4508078282258847,0.07217758142201834,1454.0,75.0,247.95604163829665,1397.2933284989122,8.538586,1e-06,0.2091617447445607,0.04303419434372734
284,Lantern,583.0,97.0,205.26370234408225,258.25,0.000766,2.2e-05,0.00024504670756590237,0.0003226666666666667,1454.0,97.0,529.1818290184059,1105.142857142857,0.174926,5e-06,0.046181339585576846,0.023069714285714284
285,Lantern,1075.0,97.0,386.6803427897519,417.75,0.001464,0.000469,0.00037661054154125855,0.00084,395.0,97.0,119.38880810193224,191.75,0.478874,6e-06,0.16988841400221352,0.24531825000000002
286,Lantern,583.0,97.0,210.10790878339952,263.0,0.001161,0.00016,0.00035139847593421467,0.00046366666666666664,1454.0,97.0,372.43108704906865,1328.4545454545455,0.169643,7e-06,0.030676852002335348,0.01315787878787879
287,Lantern,583.0,97.0,205.0280619155327,256.22222222222223,0.128334,0.000111,0.029288287623496646,0.007579833333333333,1454.0,97.0,349.28457493240995,1340.857142857143,0.171853,4e-06,0.018632524791646135,0.006776969387755102
288,Lantern,583.0,97.0,209.6804446983287,262.6666666666667,0.000844,4.6e-05,0.00028529735949239587,0.00041250000000000005,1324.0,97.0,484.46424016639247,531.0,0.215211,1e-06,0.08608380000348498,0.0430434
289,Lantern,583.0,97.0,209.6804446983287,262.6666666666667,0.000784,8.1e-05,0.00021928323896022899,0.0004971666666666667,1342.0,97.0,568.9413326521462,618.6,0.66522,0.000338,0.25677806478389076,0.16779079999999996
290,Lantern,583.0,97.0,209.6804446983287,262.6666666666667,0.001036,6.8e-05,0.000341430528154053,0.0005638333333333334,1363.0,97.0,541.8571972597782,666.6666666666666,0.522222,0.000273,0.1850544315365977,0.14499899999999996
291,Lantern,1454.0,81.0,318.83378075122545,418.3582234055428,7.658081,0.0,0.14955854554670373,0.015096661745128888,1454.0,78.0,460.7750655464501,1219.320404497372,9.585808,0.0,0.109235781505207,0.01691711662564034
292,Lantern,758.0,91.0,229.1121888109151,244.77777777777777,4.121677,4.4e-05,1.295520851234698,0.715397111111111,1454.0,85.0,591.6522859754705,555.35,5.035505,4e-06,2.154871744726235,1.25041775
293,Lantern,0.0,0.0,0.0,0.0,0.0,0.0,0.0,0.0,1454.0,1454.0,0.0,1454.0,0.0131,0.005252,0.003924,0.009176
294,Lantern,583.0,97.0,213.68720650104962,255.66666666666666,0.001213,3.4e-05,0.00041947745271150557,0.0005750000000000001,1454.0,97.0,521.3134949337107,522.2,0.001452,9e-06,0.0005079962991991182,0.0005886
295,Lantern,583.0,97.0,213.68720650104962,255.66666666666666,0.001038,4.3e-05,0.00032142741534183633,0.00046750000000000003,1454.0,97.0,537.7343093945187,622.75,0.246678,9e-05,0.10632963309679949,0.06252200000000001
296,Lantern,583.0,97.0,213.68720650104962,255.66666666666666,0.001335,0.000128,0.00043117552497020674,0.0004969999999999999,203.0,103.0,43.688289811649376,142.0,0.248099,0.002258,0.11363254452938303,0.08749966666666666
297,Lantern,758.0,91.0,238.6086950951285,260.125,2.396673,0.000114,0.8446854010772293,0.46426399999999995,1454.0,85.0,408.8650355361175,325.77777777777777,0.008302,3e-06,0.003668698410157389,0.0041184444444444445
298,Lantern,583.0,97.0,213.68720650104962,255.66666666666666,0.000896,2.7e-05,0.00032214799911427873,0.00039900000000000005,1454.0,97.0,521.3134949337107,522.2,1.686711,0.000222,0.6564565054260945,0.3876274
299,Lantern,583.0,97.0,213.68720650104962,255.66666666666666,0.000664,3.4e-05,0.00021205482781582691,0.0002755,1454.0,97.0,521.3134949337107,522.2,0.220789,0.00015,0.08809561220719225,0.044599200000000006
300,Lantern,583.0,97.0,213.68720650104962,255.66666666666666,0.001124,7.4e-05,0.0003613534742234165,0.00040599999999999995,736.0,97.0,261.06991400772324,289.0,0.820148,0.000773,0.3011349176270497,0.32823949999999996
301,Lantern,583.0,97.0,213.68720650104962,255.66666666666666,0.000411,0.000122,0.00010409771050956565,0.000263,1454.0,97.0,521.2312346742087,522.0,1.481482,0.000184,0.5886200081999932,0.5379868
302,Lantern,583.0,97.0,213.68720650104962,255.66666666666666,0.000869,8.4e-05,0.0002697896814598776,0.0003501666666666666,1282.0,97.0,535.3816914646554,527.3333333333334,0.244704,0.000438,0.11343154900741778,0.08434533333333333
303,Lantern,583.0,97.0,213.68720650104962,255.66666666666666,0.000681,3e-05,0.0002146576085045412,0.00028133333333333336,1454.0,97.0,521.2312346742087,522.0,0.005108,0.000214,0.0019096435897831823,0.0012996000000000001
304,Lantern,758.0,91.0,248.68215924454776,283.57142857142856,2.008684,0.000218,0.7010144609728832,0.3814235714285714,212.0,85.0,41.7499847244259,146.71428571428572,0.009749,7e-06,0.004206097570849993,0.0030087142857142856
305,Lantern,809.0,91.0,281.6837943510418,361.2,0.597124,0.002963,0.2337540301125095,0.1300826,212.0,85.0,45.00987545960207,145.66666666666666,0.009966,7e-06,0.004267806891913769,0.003495
306,Lantern,809.0,91.0,281.6837943510418,361.2,1.604828,0.000442,0.639345822630476,0.3261914,212.0,85.0,45.00987545960207,145.66666666666666,0.009546,0.000106,0.004184931567208981,0.0045843333333333335
307,Lantern,758.0,91.0,248.68215924454776,283.57142857142856,0.691653,0.000519,0.23844795792895732,0.1083222857142857,1454.0,85.0,411.987893865048,293.44444444444446,2.605788,1.1e-05,0.8181170267933012,0.2918236666666667
308,Lantern,758.0,91.0,252.76802303572293,273.42857142857144,0.28963,4e-05,0.10090710761580551,0.04247057142857143,212.0,85.0,45.00987545960207,145.66666666666666,0.008597,6e-06,0.003090048489371432,0.0017330000000000002
309,Lantern,583.0,97.0,213.68720650104962,255.66666666666666,0.001781,6.1e-05,0.0005611480543393953,0.0005958333333333333,1454.0,97.0,521.2312346742087,522.0,0.005224,3e-06,0.002026735897940331,0.001191
310,Lantern,583.0,97.0,213.68720650104962,255.66666666666666,0.000763,6.5e-05,0.0002615012215820203,0.0003206666666666667,1454.0,97.0,521.2312346742087,522.0,0.002786,0.000181,0.0009257389264798148,0.0010278
311,Lantern,583.0,97.0,213.68720650104962,255.66666666666666,0.000554,7.8e-05,0.00017003529045465828,0.00027299999999999997,203.0,103.0,43.688289811649376,142.0,0.012837,0.000717,0.004969445330103642,0.006450666666666667
312,Lantern,583.0,97.0,213.68720650104962,255.66666666666666,0.002441,0.000224,0.0007458870930345661,0.0008516666666666667,620.0,97.0,191.77340795845498,244.4,0.254962,0.000344,0.10039373818520755,0.054346000000000005
313,Lantern,583.0,97.0,213.68720650104962,255.66666666666666,0.000455,8.7e-05,0.00013257125966395917,0.0002701666666666667,736.0,97.0,261.06991400772324,289.0,0.003229,8e-06,0.00129040158477894,0.0011235000000000001
314,Lantern,583.0,97.0,213.68720650104962,255.66666666666666,0.001,3.4e-05,0.0003115363809680446,0.00035350000000000003,1454.0,97.0,478.19800640878185,446.0,0.031735,7e-06,0.01141029258681243,0.007589500000000002
315,Lantern,583.0,97.0,213.68720650104962,255.66666666666666,0.000552,0.000111,0.00015305745108727418,0.0002895,736.0,97.0,261.06991400772324,289.0,0.249161,0.000853,0.10226417176851334,0.07532
316,Lantern,583.0,97.0,213.68720650104962,255.66666666666666,0.000503,5.4e-05,0.00015723522718101904,0.00029250000000000006,1454.0,97.0,537.681364750537,622.5,0.253208,0.002082,0.11227472219849845,0.11246649999999998
317,Lantern,583.0,97.0,213.68720650104962,255.66666666666666,0.000781,5.2e-05,0.0002440515086798049,0.00036216666666666667,735.0,97.0,260.64187595242635,288.75,0.002588,0.000174,0.0009793195022565415,0.00092725
318,Lantern,758.0,91.0,241.4846980141806,254.875,1.867861,0.000136,0.6131528072848155,0.2994025,1454.0,85.0,411.987893865048,293.44444444444446,0.557185,7e-06,0.1725929827841242,0.07055111111111112
319,Lantern,758.0,91.0,241.4846980141806,254.875,1.374262,5.1e-05,0.4541144471929509,0.224098125,1454.0,85.0,411.987893865048,293.44444444444446,0.278031,4e-06,0.08663151947198369,0.03314855555555555
320,Lantern,758.0,91.0,248.68215924454776,283.57142857142856,0.668,0.000268,0.23181278759114113,0.10040471428571429,223.0,85.0,53.64285185889687,157.33333333333334,0.024792,0.000104,0.00877205228267593,0.006867500000000001
321,Lantern,1454.0,97.0,518.9711359989109,480.4,2.019035,2e-06,0.7960337323090273,0.4299254,1454.0,117.0,490.10488673344196,1011.0,0.234178,0.000934,0.09057256171622839,0.11793939999999999
322,Lantern,496.0,97.0,148.67918482423826,273.0,0.026518,0.001142,0.010973302200682345,0.00751175,1454.0,117.0,641.6971421334384,813.3333333333334,0.130523,6.6e-05,0.05051407224944572,0.033876666666666666
323,Lantern,501.0,97.0,150.55792074812936,274.25,0.002184,0.000927,0.00048252169640338464,0.00137225,1454.0,117.0,556.1967277861314,1095.0,0.204509,9.2e-05,0.08034037322915545,0.043171
324,Lantern,292.0,85.0,73.6512050139032,190.0,0.33077,0.000102,0.1430319606667947,0.08303175,1454.0,60.0,404.351938291385,355.1,5.060788,4e-06,1.500686888707954,0.7312521999999999
325,Lantern,307.0,97.0,79.87020721145025,215.5,0.053184,0.000341,0.022475815484371196,0.014270250000000002,1454.0,97.0,652.9184269280676,776.1666666666666,0.235807,9.2e-05,0.1087287814877255,0.07702116666666665
326,Lantern,313.0,97.0,88.02698449907278,212.5,26.95529,0.000189,11.626471104217982,6.8185037500000005,1454.0,117.0,589.8925749659847,842.5,0.175839,0.000574,0.07302259182780353,0.0503895
327,Lantern,1454.0,103.0,309.4225558929161,413.09848825026194,1.018759,0.0,0.030570748191807214,0.006780710223020505,1454.0,69.0,466.8649173650561,1212.0090240056072,0.429907,0.0,0.01778816188230562,0.010646789819519888
328,Lantern,549.0,97.0,168.9428527638858,286.25,0.0021,0.000939,0.0004511249134109088,0.0013977500000000001,1454.0,97.0,596.1198611763317,639.3333333333334,0.226862,8.5e-05,0.08269544690694215,0.044852833333333335
329,Lantern,583.0,97.0,213.68720650104962,255.66666666666666,0.000487,4.1e-05,0.0001682405684990659,0.00023366666666666666,1454.0,97.0,521.2312346742087,522.0,0.001487,0.000212,0.0004917208964443142,0.0010106
330,Lantern,1075.0,97.0,386.6803427897519,417.75,0.001509,0.000414,0.0003927005061112093,0.0009362499999999999,1454.0,97.0,602.8368122653279,612.6666666666666,0.232914,7e-06,0.0857625954435978,0.05304866666666666
331,Lantern,583.0,97.0,213.68720650104962,255.66666666666666,0.001022,1e-06,0.0003273023152309735,0.00035983333333333337,1454.0,97.0,521.1492684442721,521.8,0.248563,0.00022,0.09908365754371404,0.05040360000000001
332,Lantern,583.0,97.0,213.68720650104962,255.66666666666666,0.000739,1e-06,0.0002558793661083285,0.0003595,1454.0,97.0,521.2312346742087,522.0,0.96573,1.2e-05,0.3733571624894318,0.2433108
333,Lantern,583.0,97.0,213.68720650104962,255.66666666666666,0.000673,5.5e-05,0.00022508887133752302,0.000395,1454.0,97.0,537.681364750537,622.5,0.693591,9e-06,0.2998827375378374,0.17418125
334,Lantern,583.0,97.0,213.68720650104962,255.66666666666666,0.000531,4.6e-05,0.00017768980462217485,0.000293,1454.0,120.0,532.1251614986835,628.25,0.00416,7e-06,0.0016907386514479403,0.0012642499999999997
335,Lantern,583.0,97.0,213.68720650104962,255.66666666666666,0.000678,2.6e-05,0.00022780742354502458,0.00027433333333333335,1454.0,97.0,521.1492684442721,521.8,0.001886,6e-06,0.0007121996910979391,0.000552
336,Lantern,583.0,97.0,213.68720650104962,255.66666666666666,0.001238,9.9e-05,0.00035787307650742445,0.0006661666666666666,1454.0,97.0,521.2312346742087,522.0,0.245174,5e-06,0.0975945918858212,0.049998799999999996
337,Lantern,583.0,97.0,213.68720650104962,255.66666666666666,0.001832,6e-05,0.0005889679297060429,0.0005593333333333333,1454.0,120.0,532.1251614986835,628.25,0.002635,7e-06,0.0010325754209741776,0.0009130000000000001
338,Lantern,583.0,97.0,213.68720650104962,255.66666666666666,0.000626,3.9e-05,0.00020558324888526842,0.0003568333333333333,1454.0,120.0,532.1251614986835,628.25,0.244867,3e-06,0.10529690395585002,0.06250774999999999
339,Lantern,758.0,91.0,244.7773665674044,289.57142857142856,1.591911,0.000214,0.6470604771090346,0.409135,1454.0,85.0,408.8650355361175,325.77777777777777,0.010056,4e-06,0.00422915448456556,0.0045761111111111115
340,Lantern,758.0,91.0,248.68215924454776,283.57142857142856,1.045404,0.000249,0.36896293989499707,0.20836742857142856,212.0,85.0,41.7499847244259,146.71428571428572,0.045555,6e-06,0.014945984934873627,0.010088428571428571
341,Lantern,758.0,91.0,241.4846980141806,254.875,1.467371,4.7e-05,0.5346469927597086,0.301938,212.0,85.0,41.7499847244259,146.71428571428572,0.00915,5e-06,0.004145182623189458,0.004259142857142857
342,Lantern,758.0,91.0,241.4846980141806,254.875,0.954651,1.8e-05,0.3481378354640722,0.19646112500000004,212.0,85.0,41.7499847244259,146.71428571428572,0.038322,5e-06,0.012539445165605394,0.009048285714285714
343,Lantern,583.0,97.0,213.68720650104962,255.66666666666666,0.000687,0.000108,0.00021469409762626347,0.0003706666666666667,1454.0,97.0,521.2312346742087,522.0,4.867554,0.000739,1.819484593629152,1.3085794
344,Lantern,583.0,97.0,213.68720650104962,255.66666666666666,0.000667,5.3e-05,0.00018966022250329665,0.000297,1454.0,97.0,521.2312346742087,522.0,0.004724,0.00024,0.0017262435981054355,0.0016502000000000003
345,Lantern,583.0,97.0,213.68720650104962,255.66666666666666,0.000667,9.8e-05,0.00021801127646676137,0.0003605,203.0,97.0,45.526549030940906,140.0,0.248086,4e-06,0.11687632981917254,0.082798
346,Lantern,583.0,97.0,213.68720650104962,255.66666666666666,0.000754,5.1e-05,0.00024208469592272867,0.00035199999999999994,1454.0,97.0,521.2312346742087,522.0,0.002657,6e-06,0.0009585212778024284,0.0007876000000000001
347,Lantern,583.0,97.0,213.68720650104962,255.66666666666666,0.001579,0.000228,0.0005036339334168112,0.0007998333333333334,660.0,97.0,210.77248397264765,244.4,0.959932,0.000209,0.35177023038602906,0.2949656
348,Lantern,583.0,97.0,213.68720650104962,255.66666666666666,0.000935,0.000196,0.00026203434889342274,0.00047799999999999996,1454.0,97.0,521.2312346742087,522.0,0.002533,6e-06,0.0009935309959935824,0.0008594000000000001
349,Lantern,583.0,97.0,213.68720650104962,255.66666666666666,0.000542,5.7e-05,0.00017382238699955257,0.00036533333333333334,736.0,97.0,261.06991400772324,289.0,0.001457,0.000308,0.00043382448928109163,0.00089925
350,Lantern,583.0,97.0,213.68720650104962,255.66666666666666,0.000709,4.2e-05,0.0002217466021285457,0.0003413333333333333,1454.0,97.0,521.2312346742087,522.0,0.252047,0.00044,0.12281700514342468,0.101131
351,Lantern,583.0,97.0,213.68720650104962,255.66666666666666,0.00184,8.5e-05,0.000560083029559011,0.000706,736.0,97.0,279.61203280418545,345.3333333333333,0.006493,0.000126,0.0027169436668596733,0.0027503333333333334
352,Lantern,758.0,91.0,241.4846980141806,254.875,0.707804,5.2e-05,0.290878200174462,0.169016375,212.0,85.0,41.7499847244259,146.71428571428572,0.038027,7e-06,0.012423204634382993,0.00936742857142857
353,Lantern,809.0,91.0,281.6837943510418,361.2,0.285603,0.000237,0.11281207237100115,0.0600644,1454.0,85.0,433.7937297840991,311.0,0.230873,5e-06,0.07546370833956793,0.031412125
354,Lantern,809.0,91.0,281.6837943510418,361.2,0.485642,0.000279,0.19061324137488458,0.10462560000000001,212.0,85.0,45.00987545960207,145.66666666666666,0.046144,0.000127,0.01580796051220889,0.011648666666666667
355,Lantern,809.0,91.0,281.6837943510418,361.2,0.087796,0.000367,0.03262946868706262,0.024718999999999998,1454.0,85.0,433.7937297840991,311.0,0.582951,5e-06,0.1918941428502965,0.0753445
356,Lantern,758.0,91.0,241.4846980141806,254.875,0.748211,0.000224,0.24545035024060233,0.099088625,223.0,85.0,53.64285185889687,157.33333333333334,0.021779,1e-05,0.007737226105365899,0.006339833333333333
357,Lantern,571.0,147.0,212.0,359.0,0.002175,0.000447,0.000864,0.0013109999999999999,1454.0,85.0,536.5059995004716,545.25,0.009928,0.000222,0.0041909405268984665,0.005759
358,Lantern,571.0,105.0,233.0,338.0,0.001111,0.000397,0.000357,0.000754,191.0,85.0,53.0,138.0,0.012001,0.000662,0.005669499999999999,0.0063314999999999995
359,Lantern,1454.0,87.0,574.1285143767101,698.1428571428571,5.583612,0.0,1.952688960957245,0.800542,1454.0,117.0,565.1844831557214,1093.0,0.193318,7e-06,0.08084806611323489,0.0539855
360,Lantern,1454.0,97.0,524.9233848858325,414.2,5.529527,0.0,2.2115086644702435,1.1065098,1083.0,211.0,436.0,647.0,0.155997,5e-06,0.077996,0.078001
361,Lantern,496.0,97.0,148.67918482423826,273.0,0.015343,0.00068,0.006032333021932725,0.005116750000000001,1454.0,97.0,614.71917707736,587.0,0.227236,1e-06,0.08298656325909368,0.046091333333333324
362,Lantern,501.0,97.0,150.55792074812936,274.25,0.002736,0.000725,0.000839257111974632,0.001757,1454.0,117.0,556.0284974711278,1095.1,0.204437,3e-06,0.080453246235065,0.0426948
363,Lantern,292.0,85.0,73.6512050139032,190.0,0.298199,0.000144,0.12900161045966635,0.07476175,1454.0,60.0,383.0655858408003,309.4166666666667,6.000789,2e-06,1.6523089798852613,0.5238098333333333
364,Lantern,313.0,97.0,88.02698449907278,212.5,26.794086,0.000269,11.558105942582273,6.77602775,1454.0,97.0,621.638002020111,820.1666666666666,0.17713,1e-06,0.08551210935495238,0.08591900000000001
365,Lantern,307.0,97.0,79.87020721145025,215.5,0.020201,0.000762,0.008328990706412152,0.00577775,1454.0,97.0,652.7607184532136,776.3333333333334,0.262133,5e-06,0.12000602461913688,0.08544833333333335
366,Lantern,1454.0,97.0,281.61653516681326,394.3319209039548,6.844115,0.0,0.3202669447292169,0.03313406426553673,1454.0,68.0,309.01614910436604,1362.9081063863673,0.941076,0.0,0.02668334022800798,0.007619904443382704
367,Lantern,549.0,97.0,168.9428527638858,286.25,0.011513,0.000302,0.0046278877673837345,0.00352225,1454.0,97.0,596.1198611763317,639.3333333333334,0.267448,5e-06,0.11658061645881218,0.0827605
368,Lantern,583.0,97.0,213.68720650104962,255.66666666666666,0.00047,2.4e-05,0.00014509498804423106,0.00023766666666666663,1454.0,97.0,521.2312346742087,522.0,0.018204,0.000299,0.006829219018306559,0.005303
369,Lantern,549.0,97.0,168.9428527638858,286.25,0.001705,0.000579,0.00044736303769980817,0.00094025,1454.0,97.0,596.1198611763317,639.3333333333334,0.926384,6e-06,0.3373979159602699,0.196286
370,Lantern,583.0,97.0,213.68720650104962,255.66666666666666,0.000804,1.9e-05,0.0002518403374274176,0.0003853333333333334,1454.0,97.0,521.3134949337107,522.2,0.338267,0.000201,0.13467892055641076,0.0689256
371,Lantern,1083.0,97.0,390.0803603105391,419.75,0.001577,0.000295,0.00048002259061423344,0.00084575,1454.0,97.0,576.197177622383,456.75,0.31793,6e-06,0.15118469805568122,0.15147224999999997
372,Lantern,583.0,97.0,213.68720650104962,255.66666666666666,0.000828,7.7e-05,0.00025163642202369845,0.0003373333333333333,1454.0,97.0,521.2312346742087,522.0,0.049988,0.00025,0.01938184143986324,0.011373999999999999
373,Lantern,583.0,97.0,213.68720650104962,255.66666666666666,0.000701,5.5e-05,0.00022915551488017914,0.0003785,736.0,120.0,272.9334473212594,353.0,0.792505,0.000348,0.37296738634392984,0.26505066666666666
374,Lantern,583.0,97.0,213.68720650104962,255.66666666666666,0.000386,6.8e-05,0.00011263720028875403,0.00023183333333333332,1454.0,97.0,521.3134949337107,522.2,0.010554,0.0,0.004278724978308375,0.0041366
375,Lantern,583.0,97.0,213.68720650104962,255.66666666666666,0.000572,8.6e-05,0.00017018323458359034,0.00034400000000000007,737.0,97.0,280.07776697830826,345.6666666666667,0.528743,0.000582,0.24852148272041907,0.17728233333333332
376,Lantern,583.0,97.0,204.92188656128639,233.85714285714286,0.000734,9e-05,0.00022524399468766562,0.00031,1324.0,97.0,491.16571541588684,522.2,0.004766,1e-06,0.0017285257302105748,0.001722
377,Lantern,583.0,97.0,213.68720650104962,255.66666666666666,0.000913,4.7e-05,0.0002919895831475271,0.00036850000000000007,1454.0,97.0,537.7343093945187,622.75,0.008758,6e-06,0.003590562516862783,0.0025977500000000002
378,Lantern,583.0,97.0,213.68720650104962,255.66666666666666,0.000802,0.000124,0.0002722643731539051,0.0004916666666666667,1454.0,97.0,521.3134949337107,522.2,0.000718,1e-06,0.00028551147087288806,0.00014700000000000002
379,Lantern,758.0,91.0,238.6086950951285,260.125,2.787723,8.5e-05,1.0065269318958574,0.56162325,1454.0,85.0,497.32869886096836,413.27272727272725,0.311306,5e-06,0.0878659252353896,0.034238272727272735
380,Lantern,583.0,97.0,213.68720650104962,255.66666666666666,0.000862,8.3e-05,0.0002913758550204338,0.0005036666666666667,1454.0,97.0,537.681364750537,622.5,0.701165,7e-06,0.2954654086414982,0.19089625
381,Lantern,583.0,97.0,213.68720650104962,255.66666666666666,0.000624,0.000211,0.00015685316913172863,0.0003625,1454.0,203.0,512.5368279450756,798.0,0.248357,0.002412,0.11512995243926172,0.165218
382,Lantern,758.0,91.0,248.68215924454776,283.57142857142856,1.748724,0.000203,0.6110849673933425,0.3347131428571428,212.0,85.0,41.7499847244259,146.71428571428572,0.011188,6e-06,0.004367325389895341,0.0036167142857142856
383,Lantern,583.0,97.0,213.68720650104962,255.66666666666666,0.000624,3.2e-05,0.00020698020570952082,0.00033716666666666666,737.0,97.0,261.4979684433514,289.25,0.763999,0.000219,0.3287396823297273,0.19462649999999998
384,Lantern,583.0,97.0,213.68720650104962,255.66666666666666,0.000773,8.9e-05,0.0002428817727939986,0.0004513333333333333,1454.0,97.0,521.3134949337107,522.2,0.25145,8e-06,0.10047861277227109,0.05049360000000001
385,Lantern,583.0,97.0,213.68720650104962,255.66666666666666,0.000568,0.0,0.00019148252023502187,0.0002736666666666667,737.0,97.0,261.4979684433514,289.25,0.003552,0.000231,0.001355664597162587,0.001241
386,Lantern,583.0,97.0,213.68720650104962,255.66666666666666,0.00088,8.7e-05,0.0002875415428923078,0.0003798333333333333,1454.0,120.0,532.1759577433013,628.5,0.005583,2e-06,0.0023858215042202972,0.0014535000000000001
387,Lantern,583.0,97.0,213.68720650104962,255.66666666666666,0.002742,5.9e-05,0.0009345291149379278,0.0006870000000000001,1454.0,97.0,521.3134949337107,522.2,0.009966,0.000112,0.0038099497634483314,0.0028989999999999997
388,Lantern,583.0,97.0,213.68720650104962,255.66666666666666,0.000958,0.000157,0.0002764190156668354,0.0005688333333333334,737.0,120.0,273.40121108404446,353.3333333333333,0.277503,6e-06,0.13010875215842407,0.09350966666666667
389,Lantern,583.0,97.0,213.68720650104962,255.66666666666666,0.000892,1e-06,0.00027150470632303147,0.0004338333333333334,737.0,120.0,273.40121108404446,353.3333333333333,0.714249,0.000459,0.2956262138921754,0.3221486666666667
390,Lantern,1454.0,103.0,321.38763944158006,406.51382488479265,6.184986,0.0,0.3372980803421529,0.04717539400921659,1454.0,67.0,436.17817024692926,911.4484732824427,0.719542,0.0,0.09191132026482518,0.07910464885496184
391,Lantern,1454.0,100.0,387.87662429310467,455.68207282913164,8.376655,0.0,0.5767904577339285,0.10507669607843138,1454.0,70.0,481.5422938300884,1201.8249185667753,10.000934,0.0,0.33932592979985804,0.03420432614006515
392,Lantern,0.0,0.0,0.0,0.0,0.0,0.0,0.0,0.0,1454.0,1454.0,0.0,1454.0,5e-06,5e-06,0.0,5e-06
393,Lantern,583.0,97.0,210.75242189197573,263.5,0.000909,5.5e-05,0.00027320306855280137,0.0003914999999999999,1454.0,97.0,591.8553539506084,870.8,0.170025,6e-06,0.05072791926000908,0.0178845
394,Lantern,583.0,97.0,209.89395470623307,262.8333333333333,0.000981,4.2e-05,0.00029711356788646024,0.0004391666666666667,1454.0,97.0,609.8474891315041,947.2,0.172776,8e-06,0.051403217883708406,0.018767
395,Lantern,583.0,159.0,212.0,371.0,0.001382,0.000606,0.000388,0.000994,1382.0,130.0,518.1235373923868,940.0,4.487079,0.00374,1.6080538476961006,1.3261946249999998
396,Lantern,583.0,97.0,213.68720650104962,255.66666666666666,0.000702,3.7e-05,0.00023345211262459995,0.0003546666666666667,1454.0,97.0,521.3134949337107,522.2,0.067937,0.000383,0.02824935858103684,0.027794599999999996
397,Lantern,583.0,97.0,213.68720650104962,255.66666666666666,0.000985,1.7e-05,0.0002974837063698709,0.0004216666666666667,1454.0,97.0,521.3134949337107,522.2,0.078093,0.000172,0.029307447834296316,0.020266799999999998
398,Lantern,583.0,97.0,213.68720650104962,255.66666666666666,0.000926,5.6e-05,0.00030232102143251633,0.000421,1454.0,97.0,521.3134949337107,522.2,0.819508,0.00018,0.32393183702093875,0.1720428
399,Lantern,583.0,97.0,213.68720650104962,255.66666666666666,0.001263,4.7e-05,0.00040511836404795193,0.0004073333333333334,1454.0,97.0,521.3134949337107,522.2,0.3049,4e-06,0.12190344229823866,0.06109319999999999
400,Lantern,583.0,97.0,213.68720650104962,255.66666666666666,0.0007,0.000115,0.00020842557957751303,0.00040433333333333337,1454.0,97.0,521.3134949337107,522.2,0.033021,4e-06,0.01274776291903799,0.0090174
401,Lantern,583.0,97.0,213.68720650104962,255.66666666666666,0.001016,7.8e-05,0.0003411355628224976,0.0005901666666666667,1454.0,97.0,537.7343093945187,622.75,0.717995,5e-06,0.3371448044672348,0.3356015
402,Lantern,583.0,97.0,213.68720650104962,255.66666666666666,0.000983,0.000148,0.0002892375033313165,0.000568,737.0,120.0,273.40121108404446,353.3333333333333,7e-06,1e-06,2.4494897427831784e-06,4e-06
403,Lantern,583.0,97.0,213.68720650104962,255.66666666666666,0.000526,0.000167,0.0001351572129862932,0.00034016666666666673,1454.0,97.0,570.343098494231,468.5,0.359802,0.000698,0.1628190756704739,0.17162225
404,Lantern,583.0,583.0,0.0,583.0,0.000395,0.000395,0.0,0.000395,0.0,0.0,0.0,0.0,0.0,0.0,0.0,0.0
405,Lantern,583.0,583.0,0.0,583.0,0.000632,0.000632,0.0,0.000632,0.0,0.0,0.0,0.0,0.0,0.0,0.0,0.0
406,Lantern,583.0,583.0,0.0,583.0,0.000639,0.000639,0.0,0.000639,0.0,0.0,0.0,0.0,0.0,0.0,0.0,0.0
407,Lantern,583.0,583.0,0.0,583.0,0.000417,0.000417,0.0,0.000417,0.0,0.0,0.0,0.0,0.0,0.0,0.0,0.0
408,Lantern,583.0,583.0,0.0,583.0,0.000544,0.000544,0.0,0.000544,0.0,0.0,0.0,0.0,0.0,0.0,0.0,0.0
409,Lantern,1454.0,192.0,430.282047034268,777.6,0.023,1e-06,0.009120646963894611,0.004763600000000001,1454.0,324.0,416.81433216721325,960.25,0.200805,0.00023,0.08391536422901053,0.05624325000000001
410,Lantern,1454.0,192.0,451.6709421691858,807.6,0.021752,0.0,0.008611789300720263,0.0045372,1454.0,324.0,416.81433216721325,960.25,0.225419,0.000218,0.10625289472997901,0.107027
411,Lantern,1454.0,103.0,583.940726272478,782.8571428571429,1.000898,0.0,0.11396863254654145,0.014767584415584411,1454.0,77.0,524.2509914542998,964.5714285714286,0.337528,0.0,0.08672433637917423,0.08759814285714285
412,Lantern,1454.0,97.0,518.9711359989109,480.4,12.200136,1e-06,4.845602706341633,2.5129522,1454.0,117.0,546.7846925436007,1027.0,0.18906,5e-06,0.07899496332480635,0.05298925
413,Lantern,583.0,97.0,175.4753069047988,233.5,0.02281,0.000298,0.008290721770281657,0.0042941666666666675,1454.0,97.0,523.2519559208546,796.875,0.047335,6e-06,0.017604713615960926,0.010319499999999999
414,Lantern,299.0,85.0,26.410455735379642,125.67873303167421,0.079157,0.0,0.00613093680337484,0.0009136651583710409,1454.0,66.0,466.59007608129485,1174.0211800302573,0.253135,0.0,0.010066377664417118,0.0005700151285930406
415,Lantern,501.0,97.0,150.55792074812936,274.25,0.181532,0.000687,0.07821780346890342,0.046055,1454.0,117.0,461.725311170807,1242.8235294117646,0.371715,1e-06,0.08925596746033443,0.033560882352941176
416,Lantern,307.0,97.0,79.87020721145025,215.5,0.071391,0.000578,0.0288048731901392,0.024404999999999996,1454.0,97.0,652.6031846893384,776.5,0.242582,1e-06,0.11142767080550005,0.07876983333333333
417,Lantern,292.0,85.0,73.6512050139032,190.0,0.603759,0.000175,0.25112651843779366,0.17338025000000004,616.0,60.0,186.62378599739102,218.75,6.125035,4e-06,2.009928748387454,0.812289125
418,Lantern,496.0,97.0,148.67918482423826,273.0,0.184313,0.001084,0.07457128916806723,0.06506875000000001,1454.0,97.0,643.6979897753421,712.5714285714286,0.211596,2e-06,0.07223074014544766,0.039413428571428565
419,Lantern,549.0,97.0,168.9428527638858,286.25,0.021688,0.000606,0.008136859636862368,0.0089305,1454.0,97.0,596.1198611763317,639.3333333333334,0.22534,9.3e-05,0.08338424876321401,0.038954833333333334
420,Lantern,1454.0,103.0,480.4567187316462,548.5227272727273,0.018664,1e-06,0.0031755518069162547,0.0010707499999999999,1454.0,119.0,591.2433661570262,856.7555555555556,3.786059,4e-06,0.786847129718798,0.24410033333333334
421,Lantern,313.0,159.0,66.3525935187666,251.0,0.042866,0.000275,0.020044907654785765,0.014518333333333333,1454.0,117.0,560.9389945043539,1046.6666666666667,0.164985,1e-06,0.07722271377519413,0.05538516666666666
422,Lantern,549.0,97.0,168.9428527638858,286.25,0.039947,0.000617,0.016806301281067172,0.0108435,1454.0,97.0,596.1198611763316,639.3333333333334,0.233158,6e-06,0.08551074997023604,0.04255683333333333
423,Lantern,549.0,109.0,165.62966974548974,289.25,0.001873,0.000439,0.0006022763070219516,0.0010965,1454.0,117.0,620.8297315331762,576.3333333333334,0.319677,3e-06,0.13409009743535208,0.18161433333333332
424,Lantern,1083.0,97.0,390.0803603105391,419.75,0.005456,0.000247,0.0021621710154379557,0.001722,1454.0,97.0,602.8368122653279,612.6666666666666,0.126928,2e-06,0.049114508727903745,0.033490500000000006
425,Lantern,563.0,97.0,173.4789900823728,251.8,0.001354,5.4e-05,0.0004876769422476318,0.000727,1454.0,97.0,651.8610281340648,656.0,0.873061,4e-06,0.34650493637903634,0.2563804
426,Lantern,583.0,583.0,0.0,583.0,0.000406,0.000406,0.0,0.000406,0.0,0.0,0.0,0.0,0.0,0.0,0.0,0.0
427,Lantern,583.0,583.0,0.0,583.0,0.000964,0.000964,0.0,0.000964,0.0,0.0,0.0,0.0,0.0,0.0,0.0,0.0
